gram_size,복합명사,빈도
2,예술_감독,5241
2,전통_춤,4225
2,현대_무용,4048
2,문화_예술,3452
2,한국_무용,2462
2,지원_사업,1913
2,국립_무용단,1647
2,춤_비평가,1408
3,국립_현대_무용단,1329
2,즉흥_춤,1188
2,한국_전통,1013
2,무형_문화재,953
2,예술_단체,940
2,정기_공연,857
2,예술_교육,848
2,공공_무용단,842
2,국제_교류,837
2,아르코예술극장_극장,809
2,무용_교육,808
2,기획_공연,807
2,커뮤니티_댄스,799
3,한국_춤_비평가,789
2,심사_위원,783
2,문화_재단,782
2,초청_공연,751
3,무용단_예술_감독,743
3,즉흥_춤_축제,690
2,안무_작,682
2,비평가_협회,673
2,국제_즉흥,655
3,춤_비평가_협회,650
2,국립_국악원,628
4,한국_춤_비평가_협회,627
3,국제_즉흥_춤,626
2,댄스_필름,623
4,국제_즉흥_춤_축제,615
2,무용수_움직임,614
2,상_수상,596
2,댄스_페스티벌,591
2,수석_무용수,579
3,문화_체육_관광부,578
2,한국_창작,569
2,예술_분야,561
2,춤_소식,558
2,창작_발레,529
2,민속_춤,526
2,서울시_무용단,523
2,컨템포러리_댄스,519
2,클래식_발레,513
2,대학로 예술극장_극장,507
3,한국_전통_춤,503
2,서울_무용제,502
2,서울_국제,496
3,서울_발레_시어터,495
2,유용_정보,492
2,창작_활동,492
2,춤_유용,491
3,춤_유용_정보,486
2,한국_현대,479
2,공연_관람,467
2,현대_무용가,464
3,대구_시립_무용단,461
2,기회_제공,455
2,댄스_컴퍼니,449
2,금_토,448
2,교육_프로그램,435
2,춤_언어,428
2,남성_무용수,425
2,현대_무용단,425
2,여성_무용수,420
2,무용_전공,418
2,지역_문화,411
2,유니버설_발레단,410
2,무용_분야,410
2,전문_무용수,409
2,고전_발레,394
2,예술_장르,387
2,기념_공연,386
2,춤_비평,384
2,댄스_프로젝트,380
2,무용_역사,376
2,직업_전환,375
2,와이즈_발레단,368
2,공연_준비,363
2,상주_단체,359
2,문화재_지정,358
2,다양_장르,358
2,몸_움직임,357
2,경연_대회,355
2,관객_소통,352
2,무용_사,352
2,무대_장치,351
3,인천_시립_무용단,348
2,전통_현대,341
4,서울_국제_공연_예술제,337
2,해외_진출,337
2,공연_취소,337
3,한국_창작_춤,336
3,서울_국제_즉흥,329
3,대한민국_발레_축제,329
4,서울_국제_즉흥_춤,328
2,문예_회관,326
2,대표_이사,324
5,서울_국제_즉흥_춤_축제,322
2,국가_무형,322
2,지원_신청,320
2,주최_주관,318
3,한국_현대_무용,308
4,서울_세계_무용_축제,307
2,무용_평론가,307
2,국립_극장,305
2,활동_지원,304
2,비평가_상,301
2,우수_작품,300
2,무대_중앙,298
2,공동_제작,297
3,문화_예술_교육,295
2,예술_전당,295
2,일제_강점기,291
3,춤_비평가_상,288
2,남자_무용수,288
3,서울_무용_센터,287
2,무용_스타,287
2,공연_작,284
2,부대_행사,282
2,사업_공모,282
2,음악_감독,278
2,영남_춤,277
2,삶_죽음,276
2,내한_공연,275
2,스트릿_댄스,273
3,국가_무형_문화재,272
2,무대_미술,272
2,창작_과정,271
2,작품_제목,268
2,일반_관객,265
2,순수_예술,263
2,주역_무용수,262
2,자신_몸,262
2,창작_작업,261
2,무대_바닥,259
3,해외_무용_스타,258
2,연극_무용,258
3,부산_국제_무용제,257
2,댄스_씨어터,256
2,감정_표현,256
2,슈투트가르트_발레단,254
2,볼쇼이_발레단,253
2,호두까기_인형,252
2,사업_선정,250
2,여자_무용수,250
2,무대_디자인,248
3,전통_춤_공연,247
3,무용단_정기_공연,246
2,주제_의식,246
2,발레_학교,246
2,시각_예술,246
2,무용_협회,245
2,역사_기록,241
2,인_무,239
3,무형_문화재_지정,238
2,무용_학,237
2,라이브_연주,234
2,궁중_무용,234
2,공공_기관,233
3,광주_시립_발레단,232
2,순회_공연,231
2,무용_부문,231
2,시립_무용단,229
2,작품_완성도,229
2,한국_해외,229
2,개막_공연,227
3,대한민국_무용_대상,226
2,심의_위원,226
2,과거_현재,226
2,모던_댄스,226
2,국공립_무용단,224
2,안무_연출,223
2,현대_사회,222
2,토_오후,220
2,무용수_출연,220
2,예능_보유자,219
2,문화_정책,219
2,댄스_시어터,218
2,관객_참여,218
3,시립_무용단_예술,217
4,시립_무용단_예술_감독,216
2,컨템퍼러리_댄스,216
2,문제_제기,215
2,제주_국제,215
2,신청_접수,214
2,교육_과정,214
2,사단_법인,213
2,무대_객석,213
2,제출_서류,212
2,의상_디자인,212
2,문제_해결,211
4,한국_해외_무용_스타,210
3,한국_해외_무용,210
2,연기_상,210
2,상호_작용,208
2,직업_무용단,208
2,온라인_공연,208
2,저작_법,207
2,무용단_단원,205
3,무용_역사_기록,204
2,다원_예술,203
2,예술_회관,202
3,지원_사업_공모,199
2,공동_기획,199
2,공동_안무,199
2,무용단_운영,199
2,예술_위원회,199
2,춤_인생,199
2,한국예술종합학교_무용원,198
2,조직_위원회,198
3,발레_현대_무용,197
2,창작_준비금,196
2,탭_댄스,196
2,신진_안무가,195
3,제주_국제_즉흥,193
2,안무_의도,193
2,문화_교류,193
2,인터파크_티켓,192
2,굿_놀이,192
4,제주_국제_즉흥_춤,191
2,예술의전당_토월극장,190
2,산조_춤,190
2,움직임_표현,190
5,제주_국제_즉흥_춤_축제,188
2,스타_초청,188
3,서울_무용_영화제,187
2,준비금_지원,187
2,목_금,186
2,공동_작업,186
2,단장_예술,186
3,문화_예술_지원,185
2,이매방_선생,185
2,이상_관람,185
2,지원_정책,185
2,현대_감각,185
2,인간_삶,185
2,예술_강사,185
3,무용_스타_초청,184
3,단장_예술_감독,184
2,예술인_복지,184
2,금_오후,184
3,창작_준비금_지원,183
2,유튜브_채널,183
3,문화_예술_회관,182
4,해외_무용_스타_초청,181
2,지원_제도,180
2,공동_주최,179
2,관객_시선,179
2,프로그램_구성,179
2,인간_몸,179
4,무용_스타_초청_공연,178
3,스타_초청_공연,178
2,서울_경기,178
2,조명_디자인,178
2,발레_협동조합,178
2,드라마_발레,178
2,몸_마음,178
5,해외_무용_스타_초청_공연,177
2,공동_창작,177
2,표현_방식,177
2,지역_사회,177
2,마린스키_발레단,176
2,안무가_초청,176
2,업무_협약,175
2,지역_주민,175
2,공모_선정,175
2,무대_의상,175
5,한국_해외_무용_스타_초청,174
2,메를로_퐁티,173
2,어린이_청소년,173
2,기록_학회,173
2,관객_대화,173
4,무용_역사_기록_학회,172
3,역사_기록_학회,172
2,파리오페라발레_단,172
2,지원_공모,172
2,문화_예술인,172
3,지원_사업_선정,171
2,무용단_창단,171
2,안무_출연,171
3,한국_문화_예술,169
2,제작_과정,169
2,작업_과정,169
2,민속_무용,168
2,종묘_제례,167
2,제례_악,167
2,안무가_육성,167
2,모던_발레,167
2,역량_강화,166
2,선정_작,166
2,클래식_음악,166
2,다양_형태,166
3,예술_감독_안무,165
2,무용_연구소,165
2,무용수_직업,165
2,참가_신청,164
2,오페라_극장,164
2,검정_색,163
2,서울시_발레단,163
2,대표_레퍼토리,163
2,지원_시스템,163
2,남녀_무용수,162
2,사랑_이야기,162
2,제작_지원,162
3,국제_무용_축제,161
2,조선_시대,161
2,단체_운영,161
2,예술_센터,161
2,거리_예술,161
2,베스트_작품,160
2,극장_해오름극장,159
2,이애주_선생,159
2,의미_부여,159
2,결과_발표,159
2,무용_콩쿠르,159
2,솔로_작품,159
2,한국_일본,159
2,오페라_하우스,158
2,전용_극장,158
2,중요_무형,158
3,중요_무형_문화재,157
3,공연_예술_분야,157
3,발레단_예술_감독,156
2,코로나_사태,156
3,공연_예술_축제,156
3,국립_극장_해오름극장,155
3,부산_시립_무용단,155
3,한국_무용_현대,155
2,프로그램_북,155
2,모집_공고,154
2,협회_한국,154
2,컨템포러리_발레,153
2,안무_상,153
3,대전_시립_무용단,152
2,모던_테이블,152
2,석_원,152
2,감독_선임,152
2,몸_언어,152
3,현대_무용_발레,151
2,박금슬_선생,151
2,무대_세트,151
2,상설_공연,151
2,시_댄스,151
2,미디어_아트,150
2,해외_초청,150
2,관객_입장,150
2,신체_움직임,150
2,공공_극장,150
2,야외_공연,150
2,해외_안무가,150
2,공립_무용단,149
2,무용_학원,149
2,무용단_대표,149
2,무용단_정기,148
2,안무가_의도,148
3,서울_아트_마켓,147
4,국제_공연_예술_프로젝트,147
2,무형_유산,147
2,아트_홀,147
3,안무_창작_공연,147
2,원_석,147
2,국제_무용제,147
2,사업_추진,147
2,전통_연희,147
2,프로그램_개발,147
2,관객_반응,147
2,춤_제전,147
2,다양_분야,147
2,단체_선정,147
2,전국_무용제,146
2,댄스_하우스,146
2,공연_리뷰,146
2,예술_완성도,146
3,종묘_제례_악,145
3,예술_지원_사업,145
2,수상자_선정,145
4,한국_춤_비평가_상,144
2,대학_졸업,144
2,역할_수행,144
3,국립_무용단_예술,143
2,무트_댄스,143
2,리을_무용단,143
2,국제_협업,143
2,현대_해석,143
2,사업_공고,142
2,무용_협동조합,142
2,공간_활용,142
2,국제_현대,142
2,무용수_기량,141
2,출신_안무가,141
2,추모_공연,141
2,사회_문제,141
2,여성_몸,141
2,작품_완성,141
3,발레단_수석_무용수,140
2,발전_기여,140
2,댄스_플랫폼,140
2,해외_활동,140
2,현재_미래,139
2,부산_국제,139
2,최승희_무용,139
2,리틀엔젤스_예술단,138
3,축제_예술_감독,138
2,이애주_춤,138
4,국립_무용단_예술_감독,137
3,한국_무용_제전,137
2,청년_예술가,137
2,기획_의도,137
2,저변_확대,136
2,학술_대회,136
2,코로나_팬데믹,136
3,전통_공연_예술,136
2,움직임_조합,136
2,부산_지역,136
2,프로_시니어,135
3,문화_예술_위원회,134
2,대학_무용과,134
2,발레단_수석,134
2,관객_전달,134
2,한국_정서,134
2,예술가_창작,134
2,토_슈즈,133
2,상호_교류,133
2,영역_확장,133
2,발레_협회,133
2,발레_대중,133
2,연출_안무,133
2,무용_전공자,132
2,무대_진출,132
2,작업_방식,132
2,객석_무대,132
2,진도_북춤,131
2,궁중_정재,131
3,국제_현대_무용,131
2,창단_기념,131
2,서울문화재단_대표,131
2,전통_춤판,131
2,한국_본부,130
2,한성주_선생,130
2,개인_정보,130
2,국립국악원_무용단,130
2,시민_참여,130
2,라운드_테이블,129
2,수상_소감,129
2,공연_실황,129
2,한국_전쟁,129
2,협업_작업,129
2,인간_존재,129
2,프로그램_운영,129
3,춘천_아트_페스티벌,128
3,예술_감독_선임,128
2,문_의,128
2,이원국_발레단,128
2,참가_작,128
2,인간_내면,128
2,메리_홀,127
2,아트_컴퍼니,127
2,연결_고리,126
2,접수_기간,126
2,상_수상자,126
3,현대_무용_한국,126
2,즉흥_워크숍,126
2,지원_대상,126
3,지역_문화_예술,125
2,회관_극장,125
2,컨템퍼러리_발레,125
2,영상_제작,125
2,국가_문화,125
2,협약_체결,124
2,민간_발레단,124
2,선정_단체,124
2,춤_종목,124
3,서울_경기_춤,123
2,예술_경영,123
2,기획_제작,123
2,준비_과정,123
2,국립_단체,123
2,서울문화재단_예술,123
3,예술_감독_강수진,122
2,드라마_투르그,122
2,신청_안내,122
2,공모_안내,122
2,사회_이슈,122
2,아르코_극장,122
2,육성_지원,122
2,인간_관계,122
2,메시지_전달,121
2,댄스_컬렉션,121
2,국공립_단체,121
2,감독_강수진,121
2,관객_호응,121
2,대학_교수,121
2,지원_심의,121
2,중요_역할,121
2,동해안_별신굿,120
2,명예_교수,120
2,안무_노트,120
2,공공_지원금,120
2,자신_삶,120
4,서울_국제_안무_페스티벌,119
2,실태_조사,119
2,남자_여자,119
3,한국_현대_춤,119
2,선생_말씀,119
2,순수_무용,119
2,무용_수업,119
2,아동_청소년,118
2,국립_정동극장,118
2,즉흥_아티스트,118
2,서울_시민,118
2,공모_사업,118
2,무용_생태,118
3,서울문화재단_대표_이사,117
2,재_전문무용수지원센터,117
2,사진_영상,117
3,무용수_직업_전환,116
2,무용과_교수,116
2,시각_장애인,116
2,레지던시_프로그램,116
2,장면_연출,116
2,예술_생태,116
2,장애_예술,116
2,예술_진흥,115
2,러시아_발레,115
2,세계_나라,115
3,문예_진흥_기금,114
2,마리우스_프티파,114
3,한국_발레_협회,114
2,탈춤_전승,114
2,원로_무용가,114
2,레퍼토리_개발,114
2,공연_횟수,114
2,문화_산업,114
2,페스티벌_초청,114
2,영상_기록,114
2,독립_안무가,114
2,예술_창작산실,114
3,공연_예술_창작산실,113
2,영상_자료,113
2,예술인_창작,113
2,인간_모습,113
2,민족_무용,113
3,예술_지원_시스템,112
3,문화_예술_분야,112
3,현대_무용단_예술,112
3,한국_창작_무용,112
2,접수_방법,112
2,문화_향유,112
2,축제_참가,112
3,뉴욕_시티_발레단,111
2,풍류_사랑방,111
2,저작_침해,111
3,예술_창작_활동,111
2,국내_최초,111
2,예술_향유,111
2,박사_학위,110
2,현지_취재,110
2,음성_해설,110
2,민주_운동,110
2,세종문화회관_씨어터,110
2,서류_심사,110
2,홈페이지_확인,110
2,교육_혁신,110
2,작품_구상,110
2,단체_개인,110
2,다양_방식,110
4,문화_예술_지원_시스템,109
3,지원_사업_공고,109
2,평일_주말,109
2,동작_반복,109
2,불교_무용,109
3,창작_활동_지원,108
2,협회_회장,108
2,축제_사무국,108
2,조사_결과,108
2,춤_전용,108
2,고전_무용,108
2,완성도_작품,108
2,대중_문화,108
3,댄스_미디어_연구소,107
2,특설_무대,107
2,레퍼토리_시즌,107
2,시즌_프로그램,107
2,지원_센터,107
2,자연_인간,107
2,예술_청,107
2,정부_문화,107
2,창작_환경,107
2,관객_개발,107
2,관객_눈,107
2,사업_참여,107
4,현대_무용단_예술_감독,106
2,지원_신청서,106
2,적극_활용,106
2,유명_안무가,106
2,세계_초연,106
3,업무_협약_체결,105
3,대한_무용_협회,105
3,국립_국악원_무용단,105
3,국제_무용_협회,105
3,춤_연기_상,105
2,한영숙_선생,105
2,신인_안무가,105
2,발레단_창단,105
2,극장_주최,105
3,제주_국제_무용제,104
3,국가_문화_예술,104
2,미투_운동,104
2,초등학생_이상,104
2,코로나_확산,104
2,코로나_상황,104
3,한국_춤_예술,104
2,장면_구성,104
2,작품_감상,104
2,고용_보험,103
2,분야_전문가,103
2,운영_위원회,103
2,콘텐츠_제작,103
2,세종문화회관_극장,103
2,아티스트_참여,103
3,한국_공연_예술,103
2,축제_기간,103
2,극장_초연,103
2,한국_민족,103
2,극장_운영,103
4,문화_체육_관광부_장관,102
3,한국_무용_전공,102
3,국립발레단_예술_감독,102
2,요코하마_댄스,102
2,아트_센터,102
2,창작산실_사업,102
2,공동_대표,102
2,구성_요소,102
2,정부_지원,102
2,교류_프로그램,102
2,댄서_움직임,102
2,지역_대표,102
3,문화_비축_기지,101
3,무용_전용_극장,101
2,문훈숙_단장,101
2,팔_다리,101
2,국립발레단_수석,101
2,무용단_단장,101
2,전통_기반,101
2,대면_공연,101
2,기획_프로그램,101
2,프로그램_참여,101
3,무용_교사_자격증,100
2,한국인_무용수,100
2,관객_공감,100
2,음악_연주,100
4,국가_문화_예술_지원,99
2,마기_마랭,99
3,시립_무용단_정기,99
2,트리플_빌,99
3,무용_교육_혁신,99
2,매스_게임,99
2,컨택_즉흥,99
3,한국_춤_협회,99
2,질문_답,99
3,한국_전통_무용,99
2,최종_선정,99
2,사회_거리,99
2,종합_예술,99
2,객석_관객,99
4,시립_무용단_정기_공연,98
2,마이 라이프_무브먼트,98
2,건강_보험,98
2,평자_관람,98
2,창작산실_신작,98
2,발레단_입단,98
2,여자_남자,98
2,반주_음악,98
2,중견_안무가,98
2,페스티벌_참가,98
2,시대_흐름,98
2,활성_지원,98
2,지원_기관,98
2,축하_공연,98
2,다양_시도,98
2,작품_질,98
2,안무가_신작,98
5,국가_문화_예술_지원_시스템,97
3,요코하마_댄스_컬렉션,97
4,국립_현대_무용단_예술,97
2,러닝_타임,97
2,방향_제시,97
2,조명_아래,97
2,접근_방식,97
2,코로나_시대,97
2,음악_연극,97
2,춤_보존회,97
4,창무_국제_공연_예술제,96
3,국립발레단_수석_무용수,96
2,오하드_나하린,96
3,국제_댄스_페스티벌,96
3,공공_무용단_예술,96
2,박용구_선생,96
2,LG아트센터_서울,96
2,차세대_안무가,96
2,상임_안무가,96
2,일반_대중,96
2,무용_음성,96
2,창작_활성,96
2,심사_과정,96
2,보험_가입,95
2,국립국악원_원장,95
2,세종문화회관_사장,95
2,상_베스트,95
2,원로_예술인,95
2,수_목,95
2,신진_예술가,95
2,연극_뮤지컬,95
2,몸_감각,95
3,장소_특정_공연,94
2,아르코_대학로 예술극장,94
2,티켓_판매,94
2,공연장_상주,94
2,향유_기회,94
2,오후_토,94
3,현대_무용_작품,94
2,경험_바탕,94
2,하늘_극장,94
2,예술_검열,94
2,안무가_발굴,94
2,축제_초청,94
2,주목_안무가,94
5,국립_현대_무용단_예술_감독,93
3,대학로_극장_쿼드,93
2,대한민국_예술원,93
2,신청_자격,93
2,네덜란드_국립발레단,93
2,극장_달오름극장,93
2,교류_해,93
2,작곡_음악,93
2,시작_끝,93
2,지원_규모,93
2,안무_경연,93
2,무당_춤,93
3,국립_극장_달오름극장,92
3,문화_예술_기관,92
2,참가자_모집,92
2,혁신_위원회,92
2,강동아트센터_극장,92
2,기회_확대,92
2,포스트_극장,92
2,프로젝트_그룹,92
2,신청_방법,92
2,우수_상,92
2,비평_시각,92
2,폐막_공연,92
2,단체_공모,92
2,공공_지원,92
3,국립_예술_단체,91
2,방안_모색,91
2,전문_인력,91
2,왕성_활동,91
2,세계_각국,91
2,대구_지역,91
2,교육_기관,91
2,무용_발표회,91
2,장애인_문화,91
2,프로그램_기획,91
4,무용_교육_혁신_위원회,90
3,서강대_메리_홀,90
3,교육_혁신_위원회,90
2,서강대_메리,90
2,마로니에_공원,90
2,무브먼트_씨어터,90
2,티켓_링크,90
2,조직_위원장,90
2,화_수,90
2,의상_디자이너,90
2,환경_조성,90
2,장소_특정,90
2,마당_굿,90
2,목_오후,90
2,서_발레단,90
2,발레_마스터,90
3,현대_무용_공연,90
2,라이브_음악,90
2,중요_요소,90
2,죽음_삶,90
2,문화_콘텐츠,90
2,전문_무용단,90
2,한국_민속,90
2,영감_작품,90
4,문화_체육_관광부_한국문화예술위원회,89
3,마이 라이프_무브먼트_씨어터,89
3,체육_관광부_한국문화예술위원회,89
3,현대_무용_전공,89
2,산업_혁명,89
2,문화_체육_관광부_한국문화예술위원회,89
2,툇마루_무용단,89
2,전속_단체,89
2,상_시상식,89
2,중견_무용가,89
2,아트_페스티벌,89
2,중_극장,89
2,무용_계열,89
2,인간_자연,89
2,건강_보험료,88
2,티켓_가격,88
2,가상_현실,88
2,심의_결과,88
2,경기도_무용단,88
2,장르_구분,88
2,남성_여성,88
2,협업_즉흥,88
2,민족_문화,88
3,공연장_상주_단체,87
2,웹_사이트,87
2,상당_부분,87
2,티켓_석,87
2,재정_지원,87
2,영남_지역,87
2,연극_요소,87
2,장르_협업,87
2,오후_국립,87
2,시각_이미지,87
2,발레_스타,87
3,공연_전통_춤,87
2,한국_방문,87
2,창작_뮤지컬,87
2,서울_지역,87
2,민간_예술,87
2,국수호_춤,87
3,비평가_상_베스트,86
3,협회_한국_본부,86
3,영남_춤_축제,86
2,관객_평가단,86
2,프랑스_파리,86
2,감정_선,86
2,심사_결과,86
2,상임_안무,86
2,문화_유산,86
2,문화_운동,86
2,댄서_몸,86
2,장기_공연,86
4,춤_비평가_상_베스트,85
2,기립_박수,85
2,홍보_마케팅,85
2,아트_마켓,85
2,솔로_듀엣,85
2,학교_졸업,85
2,운영_위원,85
2,춤_동향,85
2,굿거리_춤,85
3,상호_교류_해,84
3,안무_경연_대회,84
2,소외_계층,84
2,다크서클즈_컨템포러리,84
2,조회_수,84
2,솔로_이스트,84
3,무용_협회_한국,84
2,재단_법인,84
2,관계_형성,84
2,단체_육성,84
2,직업_발레단,84
2,참가_단체,84
2,전통_민속,84
2,국제_행사,84
2,시민_문화,84
2,예술인_지원,84
2,참여_예술가,84
2,몸_기억,84
2,발레_레퍼토리,84
3,다크서클즈_컨템포러리_댄스,83
3,프로_시니어_무대,83
2,인터_미션,83
2,가야금_산조,83
2,과학_기술,83
2,콘텐츠_개발,83
2,예술_자료원,83
2,감사_마음,83
2,대상_수상,83
2,시니어_무대,83
2,영상_디자인,83
2,환경_변화,83
2,사업_신청,83
2,기반_활동,83
4,서울_국제_댄스_페스티벌,82
2,손해_배상,82
2,대미_장식,82
3,민간_예술_단체,82
3,서울_국제_댄스,82
2,춤웹진_초이스,82
3,한국_무용_사,82
2,한국예술인복지재단_예술인,82
2,하늘_땅,82
2,관람_가,82
2,설치_물,82
2,목_토,82
2,장면_전환,82
2,동작_구성,82
4,인천_문화_예술_회관,81
3,금_오후_토,81
3,서울_시립_무용단,81
3,춤_전용_극장,81
3,창작_지원_사업,81
2,의상_소품,81
2,공식_초청,81
2,배정혜_선생,81
2,활동_증명,81
2,객원_안무가,81
2,기회_마련,81
2,대중_소통,81
2,민간_단체,81
2,국내_초연,81
2,역동_움직임,81
2,즉흥_전문,81
2,무용_학회,81
2,현실_세계,81
4,국제_무용_협회_한국,80
2,굿거리_장단,80
2,개관_기념,80
2,티켓_예매,80
2,소개_부탁,80
2,사업_일환,80
2,낭만_발레,80
2,문화_관광,80
3,공연_예술_단체,80
2,아트_프로젝트,80
2,신작_발표,80
2,발레단_단장,80
2,무대_디자이너,80
2,극장_규모,80
2,장르_예술가,80
2,연극_음악,80
2,단원_활동,80
2,춤_맥,80
3,포스트_모던_댄스,79
2,유리_그리고로비치,79
3,공공_무용단_운영,79
2,계약_체결,79
3,장애인_문화_예술,79
2,이메일_접수,79
2,볼거리_제공,79
2,사회_기업,79
3,공연_예술_창작,79
2,정치_사회,79
2,적극_참여,79
2,존재_이유,79
2,국립발레단_단원,79
2,발레_테크닉,79
2,교육_현장,79
5,국제_무용_협회_한국_본부,78
4,무용_협회_한국_본부,78
3,우수_작품_상,78
3,활동_지원_사업,78
3,현대_무용_안무가,78
2,신체_조건,78
2,창_제작,78
3,전통_춤_창작,78
2,장르_특성,78
2,영상_콘텐츠,78
2,여성_남성,78
2,조명_의상,78
2,인간_신체,78
2,지역_공공,78
2,영상_이미지,78
2,스타_무용수,78
2,무용_관계자,78
2,존재_의미,78
3,영국_로열_발레단,77
2,조선_후기,77
2,학술_심포지엄,77
2,전문무용수지원센터_이사장,77
2,스트리트_댄스,77
2,서사_구조,77
2,특별_출연,77
2,극장_대관,77
2,체험_프로그램,77
2,무용_대전,77
2,무대_구현,77
2,무용단_신작,77
2,작업_시도,77
2,개인_단체,77
3,축하_수상_소감,76
3,불교_무용_대전,76
3,육성_지원_사업,76
3,국제_안무가_육성,76
2,구술_채록,76
2,여론_조사,76
3,문화_예술_교류,76
2,축하_수상,76
3,한국_창작_발레,76
2,눈_귀,76
2,지도_위원,76
2,오브제_활용,76
3,발레_한국_무용,76
2,랜선_공연,76
2,전시_공간,76
2,언어_표현,76
2,운영_방식,76
2,교류_사업,76
2,배경_음악,76
2,활동_지속,76
2,안무_법,76
2,근대_무용,76
3,단체_육성_지원,75
3,김성용_예술_감독,75
3,춤_축제_사무국,75
3,작품_상_수상,75
2,국립국악원_예악당,75
2,무형_문화유산,75
2,악기_연주,75
2,도립_무용단,75
2,민족_미학,75
2,계기_마련,75
2,일반_시민,75
2,관객_박수,75
2,김성용_예술,75
2,활동_영역,75
2,예술_교과,75
2,축제_개최,75
2,발레단_단원,75
2,우수_안무,75
2,안무_스타일,75
2,움직임_집중,75
2,움직임_언어,75
5,국제_즉흥_춤_축제_사무국,74
4,즉흥_춤_축제_사무국,74
2,수교_기념,74
2,겸임_교수,74
2,위원회_위원장,74
2,수상_축하,74
2,관람_연령,74
3,무용_예술_상,74
2,무용단_입단,74
2,전통_악기,74
2,형식_내용,74
2,현대_미술,74
2,국내_초청,74
2,관객_감동,74
2,국내_해외,74
2,발레_전공,74
2,예술인_사회,74
2,길이_작품,74
2,중요_부분,74
2,전통_소재,74
2,이날_공연,74
2,문화_센터,74
2,국립_발레단,74
4,문화_예술_회관_공연장,73
2,진도_씻김굿,73
2,김성_민,73
2,스토리_라인,73
2,천_홍,73
2,참여자_모집,73
2,민_천,73
2,발레_뤼스,73
2,트러스트_무용단,73
2,해외_초청작,73
3,춤_예술_센터,73
2,감독_부임,73
3,전통_춤_현대,73
2,토_금,73
2,수_오후,73
2,객원_안무,73
2,영상_매체,73
2,세종_문화,73
2,의미_전달,73
2,한국_근대,73
2,자신_이름,73
2,전통_탈춤,73
2,작품_유통,73
2,어린이_무용,73
2,나라_문화,73
2,춤_패,73
3,과거_현재_미래,72
3,수원_발레_축제,72
4,한국_춤_예술_센터,72
2,모리스_베자르,72
2,고용_노동부,72
2,수급_자격,72
2,시너지_효과,72
3,연극_무용_음악,72
2,세기_후반,72
2,김_명,72
2,탄생_기념,72
2,김백봉_선생,72
2,선생_추모,72
2,해외_투어,72
2,평론가_상,72
2,안무_랩,72
2,선정_기준,72
2,대학_탈춤,72
2,지역_특성,72
2,인상_장면,72
2,기반_창작,72
2,한국_장애인,72
2,한국_컨템포러리,72
3,상주_단체_육성,71
4,한국_문화_예술_위원회,71
2,대_보험,71
3,한국_무용_협회,71
2,자문_위원,71
2,아비뇽_페스티벌,71
2,보유자_지정,71
3,한국문화예술위원회_공연_예술,71
2,토_소,71
2,연수_단원,71
3,예술_감독_안무가,71
2,무용제_경연,71
2,개최_예정,71
2,세계_구축,71
2,연극_영화,71
2,문화_회관,71
2,극장_문,71
2,역할_중요,71
2,표현_자유,71
2,일상_움직임,71
2,춤_연구회,71
3,예술_감독_부임,70
2,기자_간담회,70
2,고집_딸,70
2,공감대_형성,70
2,우편_접수,70
3,아르코예술극장_극장_공연,70
2,매진_기록,70
2,온라인_상영,70
2,추진_위원회,70
2,공개_인터뷰,70
2,협회_주최,70
2,미국_유럽,70
2,발레단_주역,70
2,중점_안무,70
2,공간_이동,70
2,창작_역량,70
2,일상_삶,70
2,재단_지원,70
2,안무_저작,70
2,창작_탈춤,70
3,공연_예술_작품,70
2,조명_감독,70
3,평창_동계_올림픽,69
3,아트_홀_맥,69
3,국립극장_레퍼토리_시즌,69
3,울산_시립_무용단,69
3,상_베스트_작품,69
2,안나_핼프린,69
3,예술_활동_증명,69
3,강수진_예술_감독,69
3,예술_교육_프로그램,69
2,홀_맥,69
2,사회_공헌,69
2,서울문화재단_한국문화예술위원회,69
2,신청_기간,69
2,국립극장_레퍼토리,69
2,가상_세계,69
2,세계_대전,69
2,조명_빛,69
2,기획_홍보,69
2,독립_무용가,69
2,발레_아카데미,69
2,교육_센터,69
2,공연_예술제,69
5,춤_비평가_상_베스트_작품,68
4,비평가_상_베스트_작품,68
3,댄스_씨어터_창,68
2,제롬_벨,68
3,해외_무대_진출,68
2,일자리_창출,68
2,서울특별시_서울문화재단,68
2,대화_모임,68
2,씨어터_창,68
2,온라인_중계,68
2,시장_진출,68
2,보도_자료,68
2,공개_모집,68
2,복지_재단,68
2,무용원_교수,68
2,기술_융합,68
2,조명_디자이너,68
2,궁중_무,68
2,강선영_선생,68
2,문화재_제도,68
2,협회_이사장,68
2,극_전개,68
2,사업_안내,68
2,세계_유명,68
2,학교_교육,68
2,음악_미술,68
2,춤_어휘,68
2,전체_구성,68
2,무용_밤,68
4,상주_단체_육성_지원,67
3,앰비규어스_댄스_컴퍼니,67
2,크라우드_펀딩,67
2,다목적_홀,67
2,학위_논문,67
3,춤_국제_교류,67
2,인_탱크,67
2,저작_보호,67
3,현대_무용_축제,67
2,동문_단체,67
2,한국_현대춤작가 12 인전,67
3,한국_전통_예술,67
3,예술_감독_작품,67
2,양성_과정,67
2,팔_동작,67
2,관계_설정,67
3,한국_춤_현대,67
2,일본_중국,67
2,여름_축제,67
2,실험_시도,67
3,전통_춤_무용,67
2,예술가_협업,67
2,무용_학자,67
2,김기인_춤,67
2,현실_문제,67
2,예술_치유,67
2,움직임_반복,67
2,김영희_춤,67
5,대구_시립_무용단_예술_감독,66
3,서강대학교_메리홀_극장,66
4,대구_시립_무용단_예술,66
3,파리_오페라_발레단,66
2,허용_순,66
2,대구문화예술회관_홀,66
2,세종_씨어터,66
2,티켓_전석,66
2,이미지_고양,66
2,연령_이상,66
2,김천흥_선생,66
2,색_의상,66
2,국립발레단_단장,66
2,삶_질,66
2,장르_경계,66
3,전통_춤_무대,66
2,기본_동작,66
3,춤_현대_무용,66
2,예술_혼,66
2,연습_과정,66
2,대구_시립_무용단_예술,66
2,발레단_운영,66
3,무용_음성_해설,65
3,지역_문화_재단,65
2,재능_기부,65
2,중_고등학교,65
2,서울문화재단_누리집,65
2,보험_자격,65
2,정병호_교수,65
3,한국_민족_춤,65
2,유빈_댄스,65
3,국립극장_공연_예술,65
2,함부르크_발레단,65
3,문화_예술_단체,65
2,분위기_조성,65
2,협회_회원,65
2,2인무_페스티벌,65
2,대학_시절,65
2,공모_서울문화재단,65
2,준비_기간,65
2,발전_방향,65
2,프로_무용수,65
2,내용_형식,65
2,관련_내용,65
2,무용_교과,65
2,창작_주체,65
2,대학_교육,65
2,상_선정,65
2,기관_지원,65
4,전문_무용수_지원_센터,64
2,서강대_메리홀,64
3,신임_예술_감독,64
2,기후_위기,64
2,고정_관념,64
3,국제_무용_페스티벌,64
2,풍물_굿,64
2,로열_발레단,64
3,문화_예술_활동,64
2,능력_개발,64
2,일상_생활,64
2,마린스키_극장,64
2,정보_제공,64
2,선생_제자,64
2,창작산실_지원,64
2,창작_무용극,64
2,신임_예술,64
2,무용수_활약,64
2,남성_무용가,64
2,춤_입문,64
2,안무_철학,64
2,감독_신작,64
2,기초_예술,64
2,사업_운영,64
2,작품_몰입,64
3,아메리칸_발레_시어터,63
4,공공_무용단_예술_감독,63
3,이상_관람_가,63
3,서울_무용제_경연,63
2,로트_바르트,63
3,무용_한마음_축제,63
3,국립_중앙_극장,63
3,전문_무용수_직업,63
2,창무_예술원,63
2,국립극장_극장장,63
3,페스티벌_예술_감독,63
3,부산_춤_공간,63
3,한국_춤_평론가,63
2,평론가_회,63
2,즉흥_난장,63
2,극장_드림,63
2,대한민국_무용제,63
2,미디어_퍼포먼스,63
2,정보_공유,63
2,미국_뉴욕,63
2,인간_욕망,63
2,교류_협력,63
2,문화_공원,63
2,관련_자료,63
2,춤_기행,63
2,사업_수행,63
2,원형_몸,63
2,협력_사업,63
2,조_안무,63
2,안무가_경연,63
2,유럽_활동,63
2,시대_상황,63
2,공간_확장,63
2,관객_호흡,63
2,우리나라_무용,63
2,반복_움직임,63
3,예술인_고용_보험,62
4,한국_예술_창작_아카데미,62
3,춤_비평_논저,62
3,국제_협업_즉흥,62
3,국립_안무_센터,62
2,채용_공고,62
2,사전_예약,62
3,예술_감독_신작,62
2,비평_논저,62
2,프로젝트_클라우드 나인,62
2,굿_당,62
2,리케이_댄스,62
2,여름_밤,62
2,노르웨이_국립발레단,62
2,창_무,62
2,실황_영상,62
2,무게_중심,62
2,서울시_서울문화재단,62
2,장애_예술인,62
3,한국_무용_발레,62
2,생태_즉흥,62
2,대안_공간,62
2,해외_유명,62
2,음악_작곡,62
2,발레_클래스,62
2,분위기_연출,62
2,대한민국_대표,62
2,전체_흐름,62
2,움직임_탐구,62
2,발레단_레퍼토리,62
2,대한민국_전통,62
2,춤_자산,62
2,규모_극장,62
2,생활_문화,62
2,실험_작업,62
2,질문_시작,62
4,국제_코믹_댄스_페스티벌,61
2,해원_상생,61
2,라_실피드,61
2,우봉_이매방,61
2,사찰_학춤,61
3,국립_무용_센터,61
2,마포아트센터_아트,61
2,김_혜,61
2,최대_규모,61
2,시스템_구축,61
2,댄스_온,61
2,인터뷰_감사,61
2,일반인_대상,61
2,움직임_어휘,61
2,전문_아티스트,61
2,무용_교육자,61
2,인식_변화,61
2,창작_진,61
2,선정_결과,61
2,영상_사진,61
2,사회_가치,61
2,프로그램_마련,61
2,시대_변화,61
2,발레_기본,61
2,영화_감독,61
4,마포아트센터_아트_홀_맥,60
3,마포아트센터_아트_홀,60
2,정년_퇴임,60
2,완급_조절,60
3,부산_국제_즉흥,60
2,대학로_예술가의 집,60
2,소셜_미디어,60
2,국악원_예악당,60
2,예매_처,60
2,예술원_회원,60
2,상임_이사,60
2,인력_양성,60
2,북_가락,60
2,대학_진학,60
3,단체_예술_감독,60
3,공연_예술_센터,60
2,제작_유통,60
2,무용_연맹,60
2,전자_음악,60
2,아티스트_협업,60
2,디지털_시대,60
2,시각_효과,60
2,관객_동원,60
2,신체_언어,60
2,해설_발레,60
2,단독_공연,60
2,레퍼토리_선정,60
2,다양_실험,60
2,무용수_각자,60
2,국제_페스티벌,60
2,민속_문화,60
2,다양_레퍼토리,60
4,공연장_상주_단체_육성,59
3,요코하마_댄스_콜렉션,59
3,국립_국악원_예악당,59
3,창무_국제_무용제,59
3,현대_무용단_사포,59
2,성수_아트홀,59
3,베스트_작품_선정,59
3,안애순_예술_감독,59
3,안성수_예술_감독,59
3,문화_예술_향유,59
2,이사장_박인자,59
2,의견_수렴,59
2,대학_무용학과,59
2,경연_부문,59
2,최현_선생,59
2,채희완_선생,59
2,공공_실현,59
2,방법_모색,59
2,감독_역임,59
2,오후_아르코예술극장,59
2,청년_예술인,59
2,필름_페스티벌,59
2,경연_대상,59
2,유럽_미국,59
2,문제_발생,59
2,중국_일본,59
2,실용_무용,59
2,커뮤니티_즉흥,59
2,예술_진흥원,59
2,교육_사,59
2,페스티벌_인,59
2,존재_가치,59
2,안성수_예술,59
2,몸_탐구,59
2,안애순_예술,59
2,공연_매진,59
2,춤_수련,59
2,사업_내용,59
2,김경란_춤,59
5,부산_국제_즉흥_춤_축제,58
3,페스티벌_인_탱크,58
4,부산_국제_즉흥_춤,58
4,예술_창작_활동_지원,58
3,오후_아르코예술극장_극장,58
3,예술_감독_남정호,58
2,구직_급여,58
2,심포니_오케스트라,58
2,더_플레이스,58
2,실업_급여,58
3,예술_교육_센터,58
2,수정_보완,58
2,홈페이지_공지,58
2,심층_공개,58
2,의문_제기,58
2,저작_등록,58
2,상상력_자극,58
2,성균_극장,58
2,스트릿_댄서,58
3,예술_창작_지원,58
2,국고_지원,58
2,환경_개선,58
2,무료_관람,58
2,스윙_댄스,58
2,감독_남정호,58
2,남녀_사랑,58
2,남성_군무,58
2,영상_촬영,58
2,사업_목적,58
2,위원_선정,58
2,관객_몰입,58
2,초연_내용,58
2,자신_내면,58
2,여성_신체,58
2,기획_팀,58
2,오페라_발레,58
2,워크숍_프로그램,58
2,융복합_공연,58
2,안무_대회,58
2,춤_축전,58
2,예술가_상,58
5,공연장_상주_단체_육성_지원,57
3,대표_이사_이창기,57
4,문화_예술_교육_사,57
3,무용제_조직_위원회,57
3,마포_문화_재단,57
3,목_금_토,57
2,병역_특례,57
3,창작산실_지원_사업,57
2,싱크_넥스트,57
3,복합_문화_공간,57
3,민족_춤_협회,57
3,예술_교육_사,57
2,이사_이창기,57
2,악_가무,57
2,질_향상,57
2,비중_차지,57
2,평일_토,57
2,설치_미술,57
2,공개_오디션,57
2,무용학과_교수,57
2,마포_문화,57
2,디지털_기술,57
2,사진_촬영,57
2,강수진_국립발레단,57
3,한국_무용_창작,57
2,보험료_지원,57
2,국립부산국악원_무용단,57
2,안무가_초빙,57
2,기념_행사,57
2,움직임_원리,57
2,문화_소외,57
2,최승희_연구,57
2,페스티벌_개최,57
2,무용수_부상,57
2,무용가_최승희,57
2,홀_극장,57
2,기록_영상,57
2,관객_공유,57
2,문화_집,57
2,극장_몸짓,57
4,국립_국악원_풍류_사랑방,56
4,댄스_페스티벌_인_탱크,56
4,국립_아시아_문화_전당,56
3,국악원_풍류_사랑방,56
3,국립_국악원_풍류,56
3,경기_도립_무용단,56
3,안무가_육성_프로젝트,56
2,강릉_단오,56
2,법원_선고,56
3,댄스_페스티벌_인,56
2,전수_조교,56
2,넥스트_스텝,56
2,설문_조사,56
2,탈_패,56
2,국악원_풍류,56
3,현대_무용_장르,56
2,평일_오후,56
2,교수_재직,56
2,참가_신청서,56
2,감독_임기,56
2,집단_무,56
2,국제_심포지엄,56
2,연구_논문,56
2,박사_과정,56
2,정부_정책,56
2,우수_레퍼토리,56
2,동시대_감각,56
2,제주도_문화,56
2,연구_성과,56
3,즉흥_춤_공연,56
2,리서치_과정,56
2,극장_개관,56
2,중요_강조,56
2,지속_발전,56
2,인_이상,56
2,환경_문제,56
2,심사_선정,56
2,세계_수준,56
2,미술_음악,56
2,상징_표현,56
2,주제_발표,56
2,양반_춤,56
2,표현_방법,56
2,개인_삶,56
3,제주_도립_무용단,55
3,문예_회관_극장,55
2,카멜리아_레이디,55
2,일본군_위안부,55
2,소매_틱,55
3,예술_감독_임기,55
2,더블_빌,55
2,더_토핑,55
3,국제_무용_콩쿠르,55
2,뮤직_비디오,55
2,아시아_태평양,55
3,대학로 예술극장_극장_공연,55
3,공연_아르코예술극장_극장,55
2,가을_겨울,55
2,진심_감사,55
2,즐거움_선사,55
2,한국무용협회_이사장,55
2,종합_토론,55
3,현대_춤_협회,55
2,조동화_선생,55
2,댄스_엘라지,55
2,기간_월,55
3,현대_무용_단체,55
3,국제_춤_축제,55
2,세계_유수,55
2,심사_위원장,55
2,직업_능력,55
2,의견_제시,55
2,긍정_평가,55
2,로열_발레,55
2,과거_미래,55
2,학술_행사,55
2,장르_융합,55
2,해당_분야,55
2,볼쇼이_극장,55
2,자신_색깔,55
2,오페라_발레단,55
2,관련_기관,55
3,춤_축제_예술,55
2,특별_기획,55
2,합동_공연,55
2,여성_군무,55
2,세계_최고,55
2,지원_체계,55
2,경기_문화,55
2,일상_동작,55
2,관객_확보,55
2,극장_부문,55
2,이틀_공연,55
2,움직임_조화,55
2,무대_장식,55
2,전통_춤사위,55
2,신체_표현,55
2,예술_행정,55
2,창작_실험,55
2,아시아_문화,55
3,전문무용수지원센터_이사장_박인자,54
4,단체_육성_지원_사업,54
3,세컨드네이처_댄스_컴퍼니,54
3,직업_능력_개발,54
3,김화숙_현대_무용단,54
3,국제_발레_콩쿠르,54
3,예술_감독_역임,54
3,활성_지원_사업,54
3,창단_기념_공연,54
3,문화_예술_진흥원,54
2,덕원_숲,54
2,겨울_나그네,54
2,산재_보험,54
3,국제_문화_교류,54
2,협동조합_연합회,54
2,유의_사항,54
2,진상_조사,54
2,기사_링크,54
2,예술의전당_인터파크,54
3,문화_예술_발전,54
2,인간_군상,54
2,유니버설발레단_수석,54
2,무_회,54
2,음악극_축제,54
3,서울_문화_예술,54
2,힘_발휘,54
2,감독_취임,54
2,방향_설정,54
2,무대_장악,54
2,발레_팬,54
2,참가_팀,54
2,세계_곳곳,54
2,무용수_개개인,54
2,자유_참가,54
2,일정_부분,54
2,석_이상,54
2,서울문화재단_서울,54
2,역사_인물,54
2,시범_공연,54
2,대중_관심,54
2,고유_몸,54
2,국내_소개,54
2,인간_감정,54
2,한국_최초,54
2,문화_티켓,54
2,관객_모두,54
4,단장_예술_감독_강수진,53
3,강동아트센터_극장_드림,53
3,김영희_무트_댄스,53
3,제주도_문화_공원,53
3,유니버설발레단_수석_무용수,53
3,경기_문화_재단,53
3,세계_무용_연맹,53
3,예술_감독_취임,53
3,스페인_국립_무용단,53
2,김영희_무트,53
2,초등학교_학년,53
2,유익_정보,53
2,인종_차별,53
2,토_평일,53
2,자료_수집,53
2,대학_탈패,53
2,중년_여성,53
2,티켓_인터파크,53
3,예술_단체_지원,53
2,상_제정,53
2,법_보호,53
2,국내_초청작,53
2,문화_융성,53
2,국립현대무용단_단장,53
2,위원회_주관,53
2,전공_학생,53
2,온라인_플랫폼,53
2,무대_뒤편,53
2,관객_환호,53
2,경험_선사,53
2,학술_연구,53
2,학_연구,53
2,가상_공간,53
2,촬영_영상,53
2,사회_경제,53
2,단체_명,53
2,관객_교감,53
2,집중_조명,53
2,무대_전면,53
2,집중_소개,53
2,행사_개최,53
2,사랑_감정,53
2,초청_해외,53
2,무용_교사,53
2,등장_장면,53
2,개최_축제,53
2,예술_인력,53
2,바탕_창작,53
2,무용수_개성,53
2,무용가_상,53
2,무대_설치,53
5,국제_댄스_페스티벌_인_탱크,52
5,서울_국제_댄스_페스티벌_인,52
4,국립현대무용단_단장_예술_감독,52
4,국제_댄스_페스티벌_인,52
3,김영희_춤_연구소,52
2,허난설헌_경화,52
3,국립현대무용단_단장_예술,52
2,차세대_열전,52
3,상주_예술_단체,52
2,천안_시립,52
3,작품_초연_내용,52
2,인재_양성,52
2,저작_재산,52
2,인터미션_포함,52
2,감정_이입,52
2,온라인_스트리밍,52
2,춤웹진_독자,52
2,보스턴_발레단,52
2,오디션_선발,52
2,메이저_발레단,52
3,전통_춤_협회,52
2,공식_쇼케이스,52
3,안무가_초청_공연,52
2,육성_경연,52
2,서비스_제공,52
2,창작산실_우수,52
2,각자_개성,52
2,댄스_플로어,52
3,무용_음악_전통,52
2,조선_민족,52
2,불교_의식,52
3,전통_춤_구성,52
2,경연_참가,52
2,페스티벌_봄,52
2,기반_마련,52
2,인력_지원,52
2,자료_활용,52
2,마을_사람,52
2,안무가_김보라,52
2,경험_제공,52
2,성장_과정,52
2,자신_정체,52
2,프로젝트_기획,52
2,최고_무용수,52
5,인천_시립_무용단_예술_감독,51
4,조선_음악_무용_연구회,51
4,인천_시립_무용단_예술,51
3,심층_공개_인터뷰,51
3,창_무_회,51
3,문래_예술_공장,51
3,무용_협동조합_연합회,51
3,천안_시립_무용단,51
3,세종_문화_티켓,51
2,웨인_맥그리거,51
3,안무가_육성_경연,51
3,준비금_지원_사업,51
3,무용_교과_독립,51
2,사업자_등록증,51
3,광주_시립_무용단,51
2,국정_농단,51
2,적폐_청산,51
3,춤_평론가_회,51
2,온_에어,51
2,사장_안호상,51
2,임진호_지경민,51
2,한예종_무용원,51
2,급여_지급,51
2,주민_등록,51
2,치열_경쟁,51
2,드_라,51
2,시립_예술단,51
3,현대_무용_역사,51
2,예매_문의,51
2,해결_방안,51
2,탭_댄서,51
2,예산_확보,51
3,예술_활동_지원,51
2,메리홀_극장,51
2,공모_공고,51
2,운영_위원장,51
2,레퍼토리_확보,51
2,댄스_배틀,51
2,무용_유익,51
2,육성_사업,51
2,즉흥_그룹,51
2,초연_작,51
2,절제_움직임,51
2,단순_동작,51
2,저작_문제,51
2,국제_협력,51
2,컴퍼니_대표,51
2,인터뷰_영상,51
2,이야기_전개,51
2,정서_표현,51
2,위원_구성,51
2,인천_시립_무용단_예술,51
2,서울_부산,51
2,공모_서울,51
3,춤_한국_무용,51
2,가족_발레,51
2,기관_단체,51
2,무용_과,51
2,기획_프로젝트,51
5,상주_단체_육성_지원_사업,50
4,국제_안무가_육성_경연,50
4,국립_무용_센터_건립,50
3,세종문화회관_사장_안호상,50
4,창작_준비금_지원_사업,50
3,건강_보험_자격,50
3,지방_자치_단체,50
3,김용걸_댄스_씨어터,50
4,한국_현대_무용_협회,50
3,무용_유익_정보,50
4,한국_현대_춤_협회,50
3,남산_예술_센터,50
3,국립_예술_자료원,50
3,극장_주최_주관,50
3,댄스_필름_페스티벌,50
4,춤_축제_예술_감독,50
3,축제_극장_몸짓,50
2,한옥_마을,50
3,서울문화재단_예술_창작,50
2,시_도립,50
2,공식_초청작,50
2,세종_대학교,50
2,누리집_확인,50
2,오픈_리허설,50
2,가족_단위,50
2,오전_오후,50
2,봄_여름,50
2,사업_설명회,50
2,얼굴_표정,50
2,대학로_아르코예술극장,50
2,보유자_인정,50
2,정치_경제,50
2,최승희_조택원,50
2,감사_인사,50
2,이순열_선생,50
2,대학교_교수,50
2,미래_지향,50
2,군무_진,50
2,방향_모색,50
2,이날_행사,50
2,차이콥스키_음악,50
2,현대인_모습,50
2,운영_규정,50
2,죽음_경계,50
2,국립발레단_유니버설발레단,50
2,기관_협력,50
2,심사_위원회,50
2,아트센터_극장,50
2,대상_부문,50
3,공연_예술_감독,50
2,학교_학생,50
2,한국_특집,50
2,몸_매개,50
2,전통_계승,50
2,남산_예술,50
3,한국_춤_문화,50
2,연극_분야,50
2,창작_경향,50
2,교류_프로젝트,50
2,상징_의미,50
2,이야기_전달,50
2,사회_구조,50
2,무용수_오디션,50
2,의미_해석,50
2,대상_사업,50
2,예술_아카데미,50
2,행사_참여,50
3,댄스_온_에어,49
3,강동아트센터_극장_한강,49
3,메리_홀_극장,49
3,관람_연령_이상,49
3,서울_댄스_컬렉션,49
2,얀_파브르,49
2,기자_회견,49
3,시립_무용단_단원,49
2,마감일_링크,49
3,문화_예술_진흥,49
3,현대_무용단_자유,49
3,협업_즉흥_공연,49
2,공지_사항,49
2,양_질,49
3,무용_중심_극장,49
3,공연_예술_평론가,49
2,기획_연재,49
2,인간_본성,49
2,제도_개선,49
3,무용단_기획_공연,49
2,석_예매,49
3,국립_무용단_공연,49
2,팬데믹_상황,49
2,야외_공연장,49
2,긴급_지원,49
2,수_금,49
2,인간_기계,49
2,전시_퍼포먼스,49
2,활동_경력,49
2,대구_국제,49
2,대표_사례,49
2,무용_지도자,49
2,의상_조명,49
2,과정_공유,49
2,공연_당일,49
2,내용_행사,49
2,전문_무용가,49
2,영상_활용,49
2,야외_무대,49
2,문화_활성,49
2,존재_방식,49
2,기획_운영,49
4,국가_무형_문화재_지정,48
4,춤_유용_정보_번호,48
4,국제_무용제_조직_위원회,48
3,고용_노동부_장관,48
3,양산_사찰_학춤,48
4,전문_무용수_직업_전환,48
3,행사_마감일_링크,48
3,유용_정보_번호,48
3,국제_무용제_조직,48
2,아이스_핫,48
3,컨택_즉흥_공연,48
3,민족_춤_제전,48
2,노동부_장관,48
2,김영_운,48
2,상해_예방,48
2,양산_사찰,48
2,프리마_발레리나,48
3,학교_무용_교육,48
2,부흥_운동,48
2,본선_진출,48
2,접수_마감,48
2,단장_문훈숙,48
2,정보_번호,48
3,공연_예술_마켓,48
2,동기_부여,48
2,즉흥_잼,48
2,국악_당,48
2,행사_마감일,48
2,온앤오프_무용단,48
2,도시_인천,48
2,시각_청각,48
2,학과_교수,48
2,명_무,48
2,근대_시기,48
2,취소_연기,48
2,육완순_선생,48
2,흰색_의상,48
2,회관_공연장,48
2,발레단_와이즈,48
2,공동체_의식,48
2,정_단원,48
2,교류_활성,48
2,주요_레퍼토리,48
2,부산_시민,48
2,특별_상,48
2,홍보_영상,48
2,문화_시설,48
2,발_동작,48
2,사회_전반,48
2,관람_기회,48
2,단체_모집,48
2,중요_인식,48
2,댄스_그룹,48
2,한량_춤,48
2,국가_대표,48
2,행사_준비,48
2,지역_기반,48
2,발레_모던,48
2,지원_결정,48
2,대상_선정,48
2,메인_공연,48
2,일상_공간,48
2,바닥_몸,48
3,서강대_메리홀_극장,47
3,초등학생_이상_관람,47
3,예술인_복지_법,47
3,청주_시립_무용단,47
4,한국_전통_춤_협회,47
3,작곡_음악_감독,47
3,예술_감독_손인영,47
2,고블린_파티,47
3,공연_실황_영상,47
2,데시그나레_무브먼트,47
2,군_무진,47
2,예술가의 집_다목적,47
3,우수_안무_상,47
3,예술_감독_김성용,47
2,파워_풀,47
2,초_중,47
3,지역_공공_무용단,47
2,삼성_홀,47
3,비평가_협회_춤,47
3,한국_문화_집,47
2,흥_타령,47
2,홍보물_디자인,47
2,이목_집중,47
2,신문_기사,47
2,경쟁력_강화,47
2,영국_문화원,47
2,호기심_자극,47
2,한성주_한영숙,47
2,감동_선사,47
2,지정_종목,47
2,유기_연결,47
2,절제_미,47
2,실시_학교,47
2,평_문,47
2,바체바_무용단,47
2,스승_제자,47
3,공연_지원_사업,47
2,희망_메시지,47
2,복지_법,47
2,중앙_정부,47
2,감독_손인영,47
2,부산_영남,47
2,국립_무용원,47
2,사후_세계,47
2,프로그램_편성,47
2,감독_김성용,47
2,무대_뒤쪽,47
2,국제_포럼,47
2,관계_유지,47
2,무대_왼쪽,47
2,꿈_현실,47
2,전문_위원,47
2,무용_선구자,47
2,사회_정치,47
2,국가_이미지,47
2,등장_인물,47
2,전개_방식,47
2,행사_마련,47
2,주변_사람,47
2,팀_선정,47
2,오프라인_공연,47
2,외부_안무가,47
2,사업_계획,47
2,개최_국제,47
2,기대_이상,47
2,연습_공간,47
2,몸짓_표현,47
2,영상_조명,47
2,작품_길이,47
3,작품_한국_춤,47
2,운영_문제,47
4,서울문화재단_대표_이사_이창기,46
3,의정부_음악극_축제,46
4,국립발레단_단장_예술_감독,46
4,한국_민족_춤_협회,46
3,상_수상_축하,46
3,비평가_협회_회장,46
3,예술인_창작_준비금,46
3,보험료_지원_사업,46
2,의정부_음악극,46
3,예술_감독_윤성주,46
2,박_근태,46
3,국립발레단_단장_예술,46
2,더블_캐스팅,46
2,아악_부,46
2,이국_취향,46
3,국립_무용단_단원,46
2,협동_조합,46
2,코로나_바이러스,46
3,현대_무용_발전,46
2,홈페이지_참조,46
2,몬테카를로_발레단,46
2,에너지_발산,46
3,국립_무용단_무용수,46
2,정보_수집,46
2,오후_주말,46
2,무용단_탐,46
2,상임_단원,46
2,화_오후,46
2,감독_윤성주,46
2,동문_무용단,46
2,발레_애호가,46
2,평가_기준,46
2,안무가_정영두,46
2,감상_기회,46
2,발레단_내한,46
2,수_토,46
2,다양_변주,46
2,실험_정신,46
2,신체_정신,46
2,협력_관계,46
2,주제_아래,46
2,예술_승화,46
2,분야_전문,46
2,공연_수당,46
2,발표_예정,46
2,다양_의견,46
2,신_인간,46
2,소통_방식,46
2,역사_기억,46
2,외국_무용단,46
2,팔_움직임,46
2,공연_료,46
2,다양_스타일,46
2,궁중_문화,46
2,서로_몸,46
2,의미_가치,46
2,한국_컨템퍼러리,46
2,적극_지원,46
2,방식_변화,46
2,호평_작품,46
3,무용_공연_예술,46
2,안무_역량,46
2,현장_예술가,46
5,노원_국제_코믹_댄스_페스티벌,45
5,춤_유용_정보_번호_내용,45
5,인천_문화_예술_회관_공연장,45
4,내용_행사_마감일_링크,45
4,유용_정보_번호_내용,45
4,노원_국제_코믹_댄스,45
5,국립극장_공연_예술_평론가_상,45
4,춤_비평가_협회_회장,45
3,인터파크_티켓_링크,45
4,한국_춤_평론가_회,45
3,스코네스_댄스_시어터,45
3,정보_번호_내용,45
4,국립극장_공연_예술_평론가,45
3,내용_행사_마감일,45
3,국가_무형_유산,45
4,공연_예술_평론가_상,45
3,춘천_공연_예술제,45
3,김용걸_댄스_시어터,45
2,노원_국제_코믹_댄스_페스티벌,45
3,즉흥_전문_아티스트,45
3,무용단_창단_기념,45
2,옐로우_페이스,45
4,즉흥_춤_축제_예술,45
2,탄츠테아터_부퍼탈,45
2,해변_특설,45
3,안무_상_수상,45
3,국립무용단_예술_감독,45
3,예술_평론가_상,45
3,국립_춤_박물관,45
3,한국_무용_계열,45
2,발라_신,45
2,백중_놀이,45
2,난도_테크닉,45
2,송_스님,45
2,인천_문화_예술_회관_공연장,45
3,예술_감독_역할,45
2,심층_인터뷰,45
3,부산_국제_춤,45
3,문화_예술_관련,45
2,폭발_에너지,45
3,작품_제작_지원,45
2,진단_포럼,45
3,예술_교육_지원,45
2,번호_내용,45
2,세종_시즌,45
2,단편_영화,45
2,상_수여,45
2,표정_연기,45
2,향후_계획,45
2,세트_의상,45
2,유니버설발레단_단장,45
2,관료_지원,45
2,미_체험,45
2,대중_인기,45
2,비평_활성,45
2,세계_명성,45
3,국제_공연_예술,45
2,국립발레단_주역,45
2,조사_연구,45
2,바람_소리,45
2,프랑스_독일,45
2,작가_정신,45
2,운영_시스템,45
2,언어_소통,45
2,초청_아티스트,45
2,안무가_김재덕,45
2,확장_시도,45
2,움직임_연구소,45
2,상주_안무가,45
2,무용단_수석,45
2,장면_인상,45
2,감독_단장,45
2,워크숍_참여,45
2,경험_기회,45
2,춤_인프라,45
2,개인_경험,45
2,춤_인문,45
2,참여_예술인,45
2,소개_해외,45
2,문화_공감,45
2,활동_계획,45
2,국립무용단_예술,45
5,번호_내용_행사_마감일_링크,44
5,정보_번호_내용_행사_마감일,44
5,유용_정보_번호_내용_행사,44
4,번호_내용_행사_마감일,44
4,한-불_상호_교류_해,44
4,정보_번호_내용_행사,44
4,예술인_창작_준비금_지원,44
4,단장_예술_감독_남정호,44
3,한-불_상호_교류,44
3,해변_특설_무대,44
3,번호_내용_행사,44
3,국제_학술_심포지엄,44
3,독일_슈투트가르트_발레단,44
2,이왕직_아악,44
2,호페쉬_쉑터,44
2,취학_아동,44
2,이승_저승,44
2,심소_김천흥,44
2,치마_저고리,44
2,한-불_상호,44
2,참고_문헌,44
2,소고_놀음,44
3,국제_춤_마켓,44
3,한국_장애인_문화,44
3,예술_감독_단장,44
2,언론_보도,44
3,국제_발레_축제,44
3,문화_예술_정책,44
2,생계_유지,44
2,기량_향상,44
2,흥_멋,44
2,신체_부위,44
2,네트워크_구축,44
2,아트_랩,44
2,강사_양성,44
2,빛_어둠,44
3,정기_공연_작품,44
2,공식_홈페이지,44
2,로사스_무용단,44
2,코리안_댄스,44
2,신체_접촉,44
2,사회_보험료,44
2,제출_자료,44
2,최고_수준,44
2,조명_음향,44
2,현실_가상,44
2,역할_담당,44
2,말씀_감사,44
2,탈춤_마당,44
2,안무가_허용순,44
2,김매자_선생,44
2,일정_기간,44
2,무용수_승급,44
2,진출_기회,44
2,대중_매체,44
2,전문_무용인,44
2,코로나_시기,44
2,세계_최대,44
2,필름_제작,44
2,극장_평자,44
2,사진_기록,44
2,기금_지원,44
2,소속_단체,44
2,사례_소개,44
2,방송_프로그램,44
2,지역_공동체,44
2,소개_글,44
2,주제_전달,44
2,반복_동작,44
2,국내_공공,44
2,관련_연구,44
2,참여_아티스트,44
2,다양_관점,44
2,민간_무용단,44
2,영상_기술,44
2,단체_정체,44
2,일부_지원,44
2,현장_경험,44
2,창작_지원금,44
2,관심_참여,44
2,참여_대상,44
5,대구_시립_무용단_정기_공연,43
5,한국_춤_비평가_협회_회장,43
4,예술인_사회_보험료_지원,43
4,대구_시립_무용단_정기,43
5,국제_즉흥_춤_축제_예술,43
5,즉흥_춤_축제_예술_감독,43
4,부산_국제_춤_마켓,43
3,예술인_사회_보험료,43
2,마츠_에크,43
3,사회_보험료_지원,43
3,삶_죽음_경계,43
2,구슬_주머니,43
2,세월호_참사,43
2,석사_학위,43
3,문화재_지정_춤,43
3,오후_국립_극장,43
2,공작_소,43
3,아르코_예술_극장,43
3,해외_안무가_초청,43
2,박병천_진도,43
3,문화_재단_지원,43
3,서울_댄스_프로젝트,43
2,파급_효과,43
2,고등학교_학년,43
2,교방_굿거리,43
2,김인희_단장,43
2,독일_뒤셀도르프,43
2,객석_점유,43
2,남산_국악,43
3,전통_춤_전승,43
2,관람_등급,43
2,김옥련_발레단,43
2,금_평일,43
2,한계_극복,43
2,대구_시립_무용단_정기,43
2,동양_철학,43
2,청년_예술단,43
2,주말_오후,43
2,정보_경,43
2,파리_오페라,43
2,국립_도서관,43
2,심포지엄_개최,43
2,무용과_졸업,43
2,긍정_영향,43
2,적극_수용,43
3,공연_예술_장르,43
2,위기_상황,43
2,움직임_구사,43
2,신진_무용가,43
2,경기_지역,43
2,장애_예술가,43
2,비디오_댄스,43
2,제작_시스템,43
2,인간_본질,43
2,기술_활용,43
2,협력_프로젝트,43
2,본격_시작,43
2,참가_공모,43
2,우리_춤,43
2,페스티벌_기간,43
2,김보라_안무가,43
2,한국문화예술위원회_국제,43
2,연구_결과,43
2,제작_환경,43
3,작품_한국_무용,43
2,역사_사실,43
2,다양_매체,43
2,안무_리서치,43
2,해외_교류,43
2,신청_사업,43
2,발레단_초연,43
2,시_공간,43
2,프로그램_제공,43
2,과정_결과,43
2,무용단_정체,43
2,관련_영상,43
2,발전_모습,43
4,서강대_메리_홀_극장,42
4,중요_무형_문화재_지정,42
4,국제_협업_즉흥_공연,42
3,비평가_협회_회원,42
3,경연_대상_부문,42
2,안느_테레사,42
3,현대_무용단_탐,42
2,디베르티스_망,42
2,인공_지능,42
3,정부_문화_정책,42
2,코리아_이모션,42
2,서울남산국악당_크라운해태홀,42
2,하야_로비,42
2,미니멀_리즈,42
2,픽업_스테이지,42
2,포스트_휴먼,42
2,김철_희,42
2,판결_참조,42
2,부상_예방,42
2,생략_조,42
3,전통_춤_종목,42
3,예술_국제_교류,42
2,이화여대_무용과,42
2,탄츠_플랫폼,42
2,여름_가을,42
3,서울_예술_교육,42
2,가무_극,42
2,현장_스케치,42
2,영국_런던,42
2,서류_제출,42
2,공식_유튜브,42
2,세기_중반,42
3,한국_전통_음악,42
2,보존_전승,42
2,사회_약자,42
2,강수진_단장,42
2,문화_파출소,42
2,디자인_민,42
2,아르코예술극장_대학로 예술극장,42
2,관심_부탁,42
2,대본_연출,42
2,전국_민속,42
3,한국_춤_역사,42
2,통합_공모,42
2,재단_이사장,42
2,위원장_상,42
2,일련_과정,42
2,보통_사람,42
2,매칭_지원,42
2,가치_인정,42
2,코믹_댄스,42
2,소품_활용,42
2,인_역,42
2,청소년_대상,42
2,유럽_아시아,42
2,기계_인간,42
2,시선_집중,42
2,공간_탐색,42
2,국제_학술,42
3,세계_공연_예술,42
2,에너지_흐름,42
2,감정_전달,42
2,무대_천장,42
2,기획_단계,42
2,사회_공동체,42
2,시립_극장,42
2,시각_요소,42
2,아_사람,42
2,연계_프로그램,42
2,즉흥_연주,42
2,발굴_지원,42
2,사회_현상,42
2,국내외_활동,42
3,무용_전통_춤,42
2,해당_지역,42
2,내면_세계,42
2,주제_소재,42
2,기방_춤,42
2,선정_팀,42
2,변화_시도,42
2,궁중_음악,42
2,소속_무용수,42
2,영화_제작,42
3,무대_공연_예술,42
2,움직임_결합,42
2,한국문화예술위원회_지원,42
2,외국_안무가,42
2,참여_기회,42
2,무대_선사,42
2,분야_예술가,42
3,이왕직_아악_부,41
4,춤_비평가_협회_회원,41
4,국립발레단_예술_감독_강수진,41
3,유니버설발레단_단장_문훈숙,41
3,하야_로비_무용단,41
4,공연_예술_창작산실_신작,41
3,무형_문화재_제도,41
3,신청_접수_기간,41
3,포스트_코로나_시대,41
3,지원_신청_자격,41
2,벽사_진경,41
3,예술_창작산실_신작,41
2,보험료_납부,41
3,공동체_춤_신명,41
2,녹_록,41
3,예술_감독_상임,41
3,우수_작품_선정,41
2,후학_양성,41
2,국립극장_해오름,41
2,국악_관현악단,41
2,저녁_식사,41
2,문예_진흥원,41
3,문화_예술_후원,41
2,전국_각지,41
2,재_예술경영지원센터,41
2,김영_미,41
2,솔로_연작,41
2,멋_흥,41
2,법_항,41
2,한영숙_이애주,41
3,전통_민속_춤,41
2,학회_회장,41
2,임성남_선생,41
2,역량_발휘,41
2,입주_예술가,41
2,제도_도입,41
2,세계_정상급,41
2,홍보_대사,41
2,미학_연구소,41
2,네트워킹_확장,41
3,세계_현대_무용,41
2,마당_판,41
3,무용_예술_발전,41
3,안무가_예술_감독,41
2,참가_자격,41
2,댄서_하우스,41
2,국립극장_하늘,41
2,외국_직업,41
2,추모_행사,41
2,특성_고려,41
2,성공_사례,41
2,국립발레단_입단,41
2,포럼_개최,41
2,고국_무대,41
2,위문_공연,41
2,서울_대학로,41
2,감각_자극,41
2,지원_금액,41
2,다양_연령,41
2,심사_기준,41
2,감독_상임,41
2,내면_감정,41
2,주요_인물,41
2,경험_토대,41
2,영상_상영,41
2,극장_로비,41
2,영상_편집,41
2,문화_축전,41
2,접근_방법,41
2,해외_시장,41
2,지원금_심사,41
2,축제_개막,41
2,미_의식,41
2,인터뷰_심사,41
2,유망_예술,41
2,문화_연구회,41
2,영상_미디어,41
2,교수_학생,41
2,즉흥_수업,41
2,지원_자격,41
2,서양_음악,41
2,전문_공연장,41
2,무용_영화제,41
2,추진_사업,41
2,자연_환경,41
2,활성_사업,41
2,시대_배경,41
2,강사_지원,41
2,남정호_예술,41
2,모습_인상,41
2,역할_기대,41
2,국제_공동,41
2,해당_단체,41
2,어린이_관객,41
2,상황_연출,41
2,우리나라_무용수,41
2,관객_상상,41
4,크라우드_펀딩_매칭_지원,40
5,비평가_상_베스트_작품_선정,40
4,디자인_민_천_홍,40
3,크라우드_펀딩_매칭,40
4,서울_발레_시어터_이원국,40
4,상_베스트_작품_선정,40
3,펀딩_매칭_지원,40
3,민족_미학_연구소,40
3,발레_시어터_이원국,40
3,참가_신청_안내,40
3,예술인_복지_재단,40
3,코리안_댄스_페스티벌,40
4,문화_예술_교육_지원,40
3,매칭_지원_사업,40
3,이애주_문화_재단,40
3,문화_향유_기회,40
2,문호_개방,40
2,펀딩_매칭,40
2,해운대_해변,40
2,긴장_이완,40
2,성희롱_성폭력,40
2,네이버_예약,40
2,의견_개진,40
2,옥션_티켓,40
2,서울_발레_시어터_이원국,40
2,진주_교방,40
2,중_고,40
2,어제_오늘,40
2,재원_조성,40
2,효_명,40
3,예술_창작_활성,40
2,음_양,40
2,전석_예매,40
2,전석_무료,40
2,국립극장_전속,40
2,댑_댄스,40
2,토요일_오후,40
2,영남_지방,40
2,개선_방안,40
2,독일_베를린,40
2,의료비_지원,40
3,전통_춤_레퍼토리,40
2,남녀_듀엣,40
2,기후_변화,40
2,피아노_연주,40
2,시민_청,40
2,다큐멘터리_영화,40
2,레지던스_프로그램,40
2,세부_내용,40
2,아비뇽_축제,40
2,김기인_선생,40
2,계승_발전,40
2,코로나_극복,40
2,취미_발레,40
2,국제_명성,40
2,북_놀이,40
2,연극_연출가,40
2,서울_탭,40
2,한국문화예술위원회_서울문화재단,40
2,서울_올림픽,40
2,서울_스테이지,40
2,국가_지정,40
2,여자_아이,40
2,디지털_이미지,40
2,발레_정수,40
2,단원_기량,40
2,지역_문예,40
2,상호_관계,40
2,손_발,40
2,전국_대학,40
2,야외_즉흥,40
2,국제_레지던시,40
2,솔로_작,40
2,영화_평론가,40
2,문제_지적,40
2,무대_오른쪽,40
2,특정_장르,40
2,무대_여기저기,40
2,의미_생성,40
2,해방_공간,40
2,일상_몸짓,40
2,가치_평가,40
2,사실_확인,40
2,독립_예술가,40
3,지원_공연_예술,40
2,자유_몸짓,40
2,발레_대표작,40
2,인도_전통,40
2,예정_코로나,40
2,위원_참여,40
2,오프닝_공연,40
2,현대_감성,40
2,국민_문화,40
2,구조_문제,40
2,소개_예정,40
2,무대_옆,40
2,예술_다원,40
2,지역_공연장,40
2,음악_평론가,40
2,현실_상황,40
2,공공_발레단,40
5,크라우드_펀딩_매칭_지원_사업,39
4,펀딩_매칭_지원_사업,39
5,한국_춤_비평가_협회_회원,39
3,밀양_백중_놀이,39
4,예술_경영_지원_센터,39
3,댄스_컴퍼니_더 바디,39
3,국립극장_전속_단체,39
3,지역_문예_회관,39
4,한국_장애인_문화_예술,39
3,네덜란드_댄스_시어터,39
2,리플_렛,39
3,연기_상_수상,39
3,서울시_발레단_창단,39
2,머스_커닝햄,39
3,심사_위원_선정,39
3,서울_탭_댄스,39
4,무용_축제_예술_감독,39
2,선두_주자,39
2,탄츠_메세,39
3,시립_무용단_창단,39
2,밀양_백중,39
2,존_케이지,39
3,조선_민족_무용,39
3,문훈숙_예술_감독,39
3,남정호_예술_감독,39
3,무용_협회_이사장,39
3,유니버설발레단_서울_발레,39
3,예술_감독_장광열,39
3,발레단_주역_무용수,39
3,국립_무용단_신작,39
3,무용단_수석_무용수,39
2,촛불_혁명,39
3,제작_지원_사업,39
2,불법_촬영,39
2,이사장_조남규,39
2,혼_종,39
2,코레디시_페스티벌,39
2,신명_풀이,39
3,문화_예술_원,39
2,뉴_미디어,39
2,경기_아트센터,39
2,정체_확립,39
2,명_숙,39
3,전통_예술_분야,39
3,작품_예술_완성도,39
2,한_영,39
2,엄옥자_선생,39
2,수_평일,39
2,생태_조성,39
2,질문_대답,39
2,창조_계승,39
2,침해_행위,39
2,단원_채용,39
2,공유_회,39
2,일본_요코하마,39
2,발_새,39
2,활성_방안,39
2,방방곡곡_문화,39
2,조화_균형,39
2,공공_기금,39
3,음악_전통_예술,39
2,생명_탄생,39
2,국립극장_홈페이지,39
2,한국예술종합학교_교수,39
2,전미숙_무용단,39
3,창작_발레_작품,39
2,국내_유일,39
2,메인_프로그램,39
2,신임_감독,39
2,거리_유지,39
2,손_팔,39
2,선사_예정,39
2,소외_지역,39
2,주제_발제,39
2,민족_극,39
2,부산_대구,39
2,연극_배우,39
2,감독_장 광열,39
2,부산_무용제,39
2,다양_볼거리,39
2,전공_대학,39
2,아시아_나라,39
2,현재_과거,39
2,무용제_대상,39
2,예술인_직업,39
2,워크숍_참가,39
2,작가_의도,39
2,기획_시리즈,39
2,주목_이유,39
2,데뷔_무대,39
2,작가_인,39
3,한국_춤_안무가,39
2,광주_문화,39
2,문훈숙_예술,39
2,지속_관심,39
2,주요_장면,39
2,시각_해석,39
2,발레_콩쿠르,39
2,작_선정,39
2,동작_연결,39
2,신작_선정,39
2,발레_씨어터,39
2,퍼포머_관객,39
2,초청_국내,39
2,변화_발전,39
2,훈련_무용수,39
2,음악_조화,39
2,무용_접목,39
2,팀_구성,39
2,기획_연출,39
2,문화_체험,39
5,의상_디자인_민_천_홍,38
4,서울문화재단_대표_이사_김종,38
4,강동_스프링_댄스_페스티벌,38
4,의상_디자인_민_천,38
5,한국_장애인_문화_예술_원,38
4,단장_문훈숙_예술_감독,38
4,문화_예술_진흥_기금,38
3,대표_이사_김종,38
4,장애인_문화_예술_원,38
3,예능_보유자_지정,38
3,수석_무용수_승급,38
3,사단_법인_한국,38
3,의상_디자인_민,38
3,개정_교육_과정,38
2,우베_숄츠,38
3,단장_문훈숙_예술,38
2,김남식_댄스투룹,38
2,후즈_넥스트,38
2,크리틱스_초이스,38
3,아르코예술극장_극장_주최,38
2,음양_대대,38
4,발레_현대_무용_한국,38
2,극장장_김철호,38
3,창작산실_우수_작품,38
3,유망_예술_지원,38
3,윤성주_예술_감독,38
3,지원_사업_신청,38
2,이사_김종,38
3,초대_예술_감독,38
2,명문_규정,38
2,김_농주,38
2,링컨_센터,38
2,피날레_장식,38
2,실시간_중계,38
2,구두점_나라,38
3,아르코예술극장_극장_무대,38
3,전통_춤_계승,38
2,고유_번호,38
2,민속_악단,38
2,웃음_유발,38
2,국정_감사,38
3,컨템포러리_발레_작품,38
2,학술_세미나,38
2,기타_사항,38
2,스타_급,38
2,문제점_지적,38
2,일시_장소,38
3,춤_축제_참가,38
2,정부_출범,38
2,결과_보고서,38
2,미_유,38
2,노래_가사,38
2,인류_무형,38
2,예비_예술인,38
2,다년간_지원,38
2,레퍼토리_보유,38
2,일본_도쿄,38
3,예술_축제_지원,38
2,우수_논문,38
2,타인_시선,38
2,개정_교육,38
2,활성_기여,38
2,질_수준,38
3,현대_무용_창작,38
2,범위_확장,38
2,민속_연희,38
3,현대_무용_움직임,38
2,시민_회관,38
2,감독_임명,38
2,김복희_무용단,38
2,기본_틀,38
2,백조_페스티벌,38
2,감독_직,38
2,발레단_솔리스트,38
2,혁명_시대,38
2,학교_설립,38
2,대상_자격,38
2,대회_참가,38
2,사회_보장,38
2,관련_기사,38
2,온라인_콘텐츠,38
2,국가_차원,38
2,비평_문,38
2,무용과_연극,38
2,예능_프로그램,38
2,남자_아이,38
2,국제_콩쿠르,38
2,현실_반영,38
2,사진_전시,38
2,고민_끝,38
2,사진_자료,38
2,조직_운영,38
2,국립_오페라,38
2,장르_결합,38
2,사업_시행,38
2,플랫폼_역할,38
2,병신_춤,38
2,사전_축제,38
2,주요_내용,38
2,시도_실험,38
2,대표_예,38
2,무용단_내한,38
2,작_공모,38
2,방법_고민,38
2,발레_학원,38
2,의식_흐름,38
2,윤성주_예술,38
2,제공_예정,38
2,역사_배경,38
2,협업_프로젝트,38
2,전문가_구성,38
2,춤_어법,38
2,영화_연극,38
2,무용_제전,38
2,군무_장면,38
2,안정_창작,38
2,법인_한국,38
3,공연_한국_무용,38
2,작품_하이라이트,38
2,선정_이유,38
2,무용_연구회,38
2,예산_지원,38
2,연구_대상,38
2,공연_라인업,38
2,사업_기간,38
2,팀_참여,38
2,국내외_안무가,38
2,예술_치료,38
2,사회_인식,38
2,극_표현,38
2,무용_성폭력,38
2,예술의전당 오페라극장_공연,38
2,몸_주체,38
5,국립현대무용단_단장_예술_감독_남정호,37
5,예술인_사회_보험료_지원_사업,37
5,국립발레단_단장_예술_감독_강수진,37
4,문훈숙_예술_감독_유병헌,37
3,예술가의 집_다목적_홀,37
3,박병천_진도_북춤,37
4,사회_보험료_지원_사업,37
4,한국_무용_교육_학회,37
3,한국예술종합학교_무용원_교수,37
3,검정_색_의상,37
3,향유_기회_확대,37
3,비평가_상_시상식,37
4,연극_무용_음악_전통,37
3,춤_판_야,37
2,콘스탄틴_노보셀로프,37
3,극장_평자_관람,37
3,참여_대상_자격,37
2,빔_반데키부스,37
3,예술_감독_유병헌,37
2,김세련_한지원,37
3,문화_재단_이사장,37
2,송정_빈,37
3,무용_경연_대회,37
2,코레오_커넥션,37
2,오케스트라_피트,37
2,필하모닉_오케스트라,37
3,국제_교류_사업,37
2,애로_사항,37
3,국립_발레_학교,37
2,제주_자연환경,37
3,국립현대무용단_예술_감독,37
2,개별_통보,37
2,판_야,37
2,문화부_장관,37
2,샤요_국립극장,37
2,연구회_창립,37
2,잠정_연기,37
3,전통_춤_회,37
2,독_공,37
2,우크라이나_전쟁,37
2,개별_연락,37
2,수강_모집,37
3,예술_감독_단원,37
2,첨단_기술,37
2,인간_중심주의,37
2,독일_함부르크,37
3,현대_무용_분야,37
3,무용_교육_프로그램,37
2,위기_극복,37
2,신청_불가,37
2,공모_한국예술인복지재단,37
2,복원_재현,37
2,감독_유병헌,37
2,총체_극,37
3,공연_예술_전문가,37
2,저작물_이용,37
3,한국_무용_발전,37
2,심소_선생,37
2,사운드_디자인,37
2,소통_부재,37
3,우수_작품_공연,37
2,달_간,37
3,국립_무용단_작품,37
2,연속_인터뷰,37
2,몸짓_콘서트,37
2,공_지원금,37
2,코로나_장기,37
2,유럽_투어,37
2,오후_대학로 예술극장,37
2,사상_감정,37
2,도전_정신,37
2,아트_플랫폼,37
2,박수_소리,37
2,민족_행위,37
2,공동_주관,37
2,삶_무게,37
2,인간_동물,37
2,아시아_유럽,37
2,한국_근현대,37
2,전공_교수,37
2,사업_취지,37
2,객석_전달,37
2,감각_반응,37
2,공개_예정,37
3,예술_단체_공연,37
2,워크숍_개최,37
2,치유_프로그램,37
2,과거_기억,37
2,무대_정면,37
2,춤_벗,37
3,춤_한국_전통,37
3,한국_춤_전통,37
2,서울_청년,37
2,유명_발레단,37
2,독창_움직임,37
2,교육_시스템,37
2,내면_표현,37
2,경연_프로그램,37
2,중요_인물,37
2,월간_춤,37
2,지원금_사업,37
2,관람_경험,37
2,문화_복지,37
2,미국_국립,37
3,작품_전통_춤,37
2,음악_리듬,37
2,장면_연결,37
2,음악_그룹,37
2,온라인_축제,37
2,예술가_자유,37
2,서울문화재단_지원,37
2,춤_정수,37
2,가치_의미,37
5,단장_문훈숙_예술_감독_유병헌,36
5,서울_발레_시어터_이원국_발레단,36
3,남산골_한옥_마을,36
5,국제_즉흥_춤_축제_참가,36
4,발레_시어터_이원국_발레단,36
3,안성수_픽업_그룹,36
4,춤_비평가_상_시상식,36
3,평일_오후_주말,36
4,예술_감독_상임_안무,36
3,방방곡곡_문화_공감,36
4,서울문화재단_예술_창작_활동,36
3,시어터_이원국_발레단,36
4,즉흥_춤_축제_참가,36
3,목_금_오후,36
3,시_도립_무용단,36
3,춤_비평_신인상,36
3,파리_오페라_발레,36
2,이어리_킬리안,36
2,남산골_한옥,36
3,오후_대학로 예술극장_극장,36
3,예술_경연_대회,36
2,장미_잔상,36
3,감독_상임_안무,36
2,팝_핀,36
3,장 광열_춤_비평가,36
3,국립_무용단_수석,36
2,가야금_병창,36
3,경남_문화_예술,36
2,원효_스님,36
3,창작_활성_지원,36
2,이의_제기,36
2,날개_짓,36
2,라_당스,36
2,동명_소설,36
3,예술_강사_지원,36
2,비평_신인상,36
2,확산_방지,36
3,춤_작가_인,36
2,박인자_이사장,36
2,연구소_소장,36
2,환경_오염,36
2,서울_특별시,36
2,중간_휴식,36
2,표지_인물,36
2,친일_민족,36
2,프랑스_대사관,36
2,주_최,36
2,독일_탄츠,36
2,부산_경남,36
2,고용_안정,36
3,한국_춤_동시대,36
2,요소_가미,36
2,아트홀_부산,36
2,신_칼,36
2,기능_강화,36
2,월_금,36
3,극장_기획_공연,36
2,운영_실태,36
2,체계_구축,36
2,발레_나눔,36
2,악_무,36
2,편집_위원,36
2,상호_협력,36
2,대한민국_국민,36
3,공연_국립_무용단,36
2,직업_안정,36
2,저작_인정,36
2,대한민국_최고,36
2,인_조,36
2,지역_상생,36
2,활동_실적,36
2,희극_발레,36
2,기회_부여,36
2,변화_양상,36
3,한국_무용_전통,36
2,정부_지원금,36
2,경남_문화,36
2,대중_기여,36
2,민중_삶,36
2,자연_생태,36
2,대전_지역,36
2,현장_전문가,36
2,계기_기대,36
2,뮤지컬_영화,36
2,상체_움직임,36
2,재즈_음악,36
2,발간_지원,36
2,극_형식,36
3,공연_현대_무용,36
2,온라인_페스티벌,36
2,관객_호기심,36
2,전국_지역,36
2,위원_상,36
2,영상_공개,36
2,공연_개요,36
2,행사_참가,36
2,마음_흐름,36
2,완성_과정,36
2,토월극장_무대,36
2,위원회_구성,36
2,훈련_몸,36
3,한국_무용_작품,36
2,캐릭터_댄스,36
2,존재_질문,36
2,예술_성취,36
2,연구_발표,36
2,무용수_선발,36
2,상_공모,36
2,예정_국립발레단,36
2,자신_스타일,36
2,감각_경험,36
2,창작_집단,36
2,순수_움직임,36
2,즉흥_관심,36
2,무용수_훈련,36
2,안무_버전,36
2,자연_즉흥,36
2,몸_반응,36
3,고유_번호_증,35
3,국립극장_극장장_김철호,35
3,댑_댄스_프로젝트,35
4,한국_전통_춤_회,35
2,트레이드_마크,35
3,지원_신청_접수,35
2,이현_준,35
3,해외_춤_기행,35
3,댄스_필름_제작,35
3,컨템포러리_댄스_페스티벌,35
3,교육_프로그램_개발,35
2,번호_증,35
2,프롤로그_에필로그,35
3,댄스_컴퍼니_대표,35
2,대통령_탄핵,35
2,세_존,35
2,마스크_착용,35
2,국민_주권,35
3,주역_무용수_활동,35
3,한국_전통_춤판,35
3,현대_무용_협동조합,35
3,창작_실험_활동,35
2,타말파_연구소,35
2,강릉_아트센터,35
2,사각_프레임,35
2,조택원_친일,35
2,탄츠_하우스,35
3,공연_대학로 예술극장_극장,35
3,단체_지원_사업,35
2,거문고_산조,35
3,지원_사업_창작,35
3,춤_문화_유산,35
3,클래식_발레_작품,35
2,사랑_배신,35
3,한국_발레_발전,35
2,가시_성과,35
2,발판_마련,35
2,계획_수립,35
2,예술원_이사장,35
2,입주_작가,35
2,장르_불문,35
2,취리히_발레단,35
2,발굴_육성,35
2,과_졸업,35
2,분위기_고조,35
3,지원_사업_예술,35
3,전통_춤_형식,35
2,놀이_패,35
3,현대_무용단_안무,35
2,참고_자료,35
2,국립발레단_솔리스트,35
2,오후_대학로,35
2,행보_기대,35
2,뮤지컬_배우,35
2,후원_한국문화예술위원회,35
3,다양_문화_예술,35
2,토_대학로 예술극장,35
2,영상_투사,35
2,차이코프스키_음악,35
3,무용_발레_현대,35
2,방안_마련,35
2,영화_상영,35
2,과_교수,35
2,공모_전문무용수지원센터,35
2,최근_간,35
2,미디어_아티스트,35
2,배경_막,35
2,관객_평단,35
2,안정_기관,35
2,존 크랑코_안무,35
2,거리_단계,35
2,지원금_제도,35
2,홀_개최,35
3,현대_무용단_공연,35
2,발전_방안,35
2,무용_교과목,35
2,성공_개최,35
2,로봇_인간,35
2,극_효과,35
2,은유_표현,35
2,예술가_레지던시,35
2,공모_한국문화예술위원회,35
2,문화_진흥,35
2,무용단_상임,35
2,극_요소,35
3,작품_현대_무용,35
2,자신_독창,35
2,프로그램_시행,35
2,역사_사건,35
2,고려_시대,35
2,방법_신청,35
2,개념_확장,35
2,예산_문제,35
2,문화_혁명,35
2,복합_문화,35
2,영화_비평,35
2,최고_무용가,35
2,부문_선정,35
2,동작_수행,35
2,센터_운영,35
2,관심_집중,35
2,인물_등장,35
2,방송_댄스,35
2,산조_음악,35
2,몸짓_페스티벌,35
2,내용_전달,35
2,한국_색채,35
2,현실_인식,35
2,활성_지역,35
2,한국_스트릿,35
2,태평_춤,35
2,소재_주제,35
2,인간_신,35
2,관객_상상력,35
2,움직임_역동,35
2,공연_제작비,35
2,의상_제작,35
2,군무_구성,35
2,문제_의식,35
2,단순_움직임,35
2,지원_우수,35
4,법원_선고_다_판결,34
4,댄스_미디어_연구소_콜로키움,34
5,한국_춤_비평가_상_베스트,34
5,공연_예술_평론가_상_공모,34
5,서울문화재단_예술_창작_활동_지원,34
3,선고_다_판결,34
3,법원_선고_다,34
3,미디어_연구소_콜로키움,34
4,예술_평론가_상_공모,34
4,세계_무용_연맹_한국,34
3,봄_여름_가을,34
3,대한민국_예술원_회원,34
4,서울_거리_예술_축제,34
3,직업_안정_기관,34
3,오후_국립_국악원,34
3,평론가_상_공모,34
3,국립극장_하늘_극장,34
3,심사_위원_상,34
2,댄스_미디어_연구소_콜로키움,34
3,한국문화예술위원회_국제_교류,34
3,서울시_무용단_단장,34
2,이영_철,34
3,지원_사업_안내,34
2,응시_원서,34
3,무용_연맹_한국,34
2,롤_모델,34
2,무용원_실기과,34
2,천하제일_탈,34
2,방역_지침,34
2,포스트_휴머니즘,34
2,선고_다,34
2,다_판결,34
2,학위_취득,34
2,스튜디오_다락,34
2,로미오_줄리엣,34
3,무용_협회_주최,34
2,중학교_학년,34
3,서울_문화_재단,34
2,유년_시절,34
2,이중_직,34
2,스웨덴_커넥션,34
2,생_마감,34
2,유네스코_인류,34
2,실황_중계,34
2,풍류_장고,34
2,더_룸,34
2,창무_회,34
3,지원_사업_참여,34
3,공동_제작_작품,34
2,앙상블_시나위,34
2,혜_숙,34
2,칼_송,34
2,라이브_스트리밍,34
3,서울문화재단_예술_지원,34
3,컴퍼니_예술_감독,34
2,통영_진,34
3,세계_춤_시장,34
2,재원_확보,34
2,가해자_피해자,34
2,권리_침해,34
2,저작_인격,34
2,중추_역할,34
2,증빙_자료,34
2,종_현,34
3,공연_관객_대화,34
2,고등_교육,34
2,원로_중견,34
2,민속_예술제,34
3,무용_예술_학,34
2,인물_분화,34
2,대학원_졸업,34
2,소수_민족,34
2,디지털_아카이브,34
2,법_제정,34
2,헌신_노력,34
2,흥_신명,34
2,대구_시립,34
2,한국인_최초,34
2,한국문화예술위원회_인터파크,34
2,재연_작,34
2,손_유희,34
2,비디오_아트,34
3,한국_무용_교육,34
2,제도_시행,34
2,페스티벌_디렉터,34
2,캐릭터_설정,34
2,방안_제시,34
2,질_성장,34
2,문_밖,34
3,춤_축제_세계,34
2,성_정체,34
3,예술_감독_한국,34
2,김은희_선생,34
2,연맹_한국,34
2,인류_역사,34
2,국악_단장,34
2,대회_개최,34
2,뉴욕_시,34
2,무용제_참가,34
2,균형_발전,34
2,가치_발견,34
2,본인_소개,34
2,다양_부대,34
2,국제_여름,34
2,정책_방향,34
2,스크린_댄스,34
2,일반인_참여,34
2,양성_프로그램,34
2,비교_연구,34
2,법인_단체,34
2,환상_세계,34
2,고급_예술,34
2,최대_지원,34
2,단체_소속,34
2,안성수_안무,34
2,내용_서울문화재단,34
2,특별_경험,34
2,발표_신작,34
2,협동조합_발레,34
2,공공_공연장,34
2,중심_전개,34
2,회차_공연,34
2,춤_사범,34
2,공연_종료,34
2,마련_예정,34
2,무용수_캐스팅,34
2,회전_무대,34
2,국가_행사,34
2,국내_팀,34
2,흐름_변화,34
2,주요_사업,34
2,춤사위_구성,34
2,대표_인물,34
2,대중_사랑,34
2,개발_사업,34
2,파트너_무용수,34
2,시즌_시작,34
2,관객_웃음,34
2,전개_과정,34
2,선정_심사,34
2,개발_과정,34
2,무용단_주역,34
2,개성_움직임,34
2,연구_교수,34
2,청소년_발레,34
2,운영_예정,34
2,사회_분위기,34
2,참여_작가,34
2,기획_공모,34
2,공연_중단,34
2,현실_이상,34
2,창작_영역,34
4,천하제일_탈_공작_소,33
5,유니버설발레단_단장_문훈숙_예술_감독,33
5,세계_무용_연맹_한국_본부,33
3,천하제일_탈_공작,33
4,유니버설발레단_단장_문훈숙_예술,33
4,무용_연맹_한국_본부,33
3,주민_등록_등본,33
3,탈_공작_소,33
3,여름_가을_겨울,33
3,연맹_한국_본부,33
4,국제_공연_예술제_서울,33
4,한국_문화_예술_진흥원,33
3,예비_사회_기업,33
3,산업_혁명_시대,33
3,예술인_의료비_지원,33
3,궁중_문화_축전,33
3,심의_결과_발표,33
3,전문_무용단_연합회,33
3,대학로_아르코예술극장_극장,33
4,문화_예술_지원_사업,33
3,통영_진_춤,33
3,시민_문화_향유,33
3,사업_공모_안내,33
2,제전악_장미,33
2,코리안_심포니,33
2,고성_오광대,33
2,음성_해설가,33
2,표준_계약서,33
3,민속_예술_경연,33
2,등록_등본,33
2,이경_옥,33
3,국악_실험_무대,33
3,춤_경연_대회,33
2,고창_농악,33
2,문화유산_등재,33
3,박금슬_선생_춤,33
2,김유_진,33
2,한_러,33
2,명예_훼손,33
2,원장_김영,33
3,다양_장르_예술가,33
3,국립발레단_정기_공연,33
2,탈_공작,33
2,김매자_창무,33
3,현대_무용단_창단,33
3,지원_대상_사업,33
3,현대_무용_콩쿠르,33
2,무용원_창작과,33
3,시각_예술_분야,33
2,통과_의례,33
2,렉쳐_퍼포먼스,33
2,정_구호,33
2,시_낭송,33
2,그래픽_디자인,33
2,예산_소진,33
2,예술인_의료비,33
2,주한_영국,33
2,신청서_작성,33
3,무용_교육_발전,33
2,유튜브_네이버,33
2,이하_생략,33
2,코로나_여파,33
2,법_위반,33
2,인과_관계,33
3,전문_무용_단체,33
2,뉴 노멀_시대,33
2,인스부르크_발레단,33
2,국제_연극제,33
2,권리_보호,33
2,뿌리_나무,33
2,명절_기획,33
2,심리_묘사,33
3,전통_춤_기반,33
2,삶_애환,33
2,정구호_연출,33
2,문의_예매,33
2,각각_개성,33
2,서클_댄스,33
2,전통_발명,33
2,한국문화예술위원회_위원장,33
2,댄스_리터러시,33
2,성_차별,33
3,작품_국립_무용단,33
2,세계_각지,33
2,클래식_모던,33
2,개인_발표회,33
2,서울_예고,33
2,예비_사회,33
2,특성_반영,33
2,철학_미학,33
2,케이_댄스,33
2,흐름_주도,33
2,운영_체제,33
2,교육_실시,33
2,청년_세대,33
2,팬데믹_시대,33
3,선생_전통_춤,33
2,감사_말씀,33
2,최승희_제자,33
2,기반_구축,33
2,상영_예정,33
2,뉴_댄스,33
2,소속_단원,33
2,비트_음악,33
2,기술_결합,33
2,부분_차지,33
2,권력_관계,33
2,영상_저작물,33
2,교과_과정,33
2,국악_실험,33
2,대한_무용,33
2,정책_개발,33
2,설립_운영,33
2,국수호_선생,33
2,기간_금,33
2,이미지_구현,33
2,국제_2인무,33
2,문화_체육,33
2,정치_상황,33
2,코로나_이전,33
2,장치_활용,33
2,국립발레단_정기,33
2,실제_현장,33
2,남녀_관계,33
2,공공_직업,33
2,무용_전문지,33
2,개인_집단,33
2,사회_비판,33
2,음악_선율,33
3,현대_한국_춤,33
2,운영_사례,33
2,강사_참여,33
2,부족_부분,33
2,특별_초청,33
2,경험_공유,33
2,강화_사업,33
2,솔로_프로젝트,33
2,기술_발전,33
2,연출_의도,33
2,사업_성과,33
2,리서치_작업,33
2,춤_이론가,33
2,신체_감각,33
2,발표_기회,33
2,공연_기획사,33
2,감각_해석,33
2,자신_독특,33
2,문화_확산,33
2,예술_학과,33
2,몸_사유,33
2,지원_예산,33
2,무용_팬,33
2,독특_움직임,33
2,움직임_구현,33
2,장르_대중,33
2,이애주_한국,33
2,주목_예술가,33
2,작업_흥미,33
5,한국예술인복지재단_예술인_사회_보험료_지원,32
4,국립국악원_원장_김영_운,32
5,원로_예술인_창작_준비금_지원,32
4,문화_체육_관광부_장관상,32
4,한국예술인복지재단_예술인_사회_보험료,32
4,원로_예술인_창작_준비금,32
4,보험료_지원_사업_공고,32
3,부상_예방_검진,32
4,민속_예술_경연_대회,32
3,체육_관광부_장관상,32
4,유니버설발레단_서울_발레_시어터,32
3,국립국악원_원장_김영,32
3,남산_국악_당,32
4,광주_문화_예술_회관,32
4,김기인_춤_문화_재단,32
4,무용단_예술_감독_윤성주,32
3,접수_기간_월,32
4,서울_예술_교육_센터,32
3,공모_한국예술인복지재단_예술인,32
3,금_토_소,32
4,창작_활동_지원_사업,32
3,개인_정보_수집,32
3,한국예술인복지재단_예술인_사회,32
3,부대_행사_마련,32
4,이애주_한국_전통_춤,32
3,의료비_지원_사업,32
2,디미트리스_파파이오아누,32
4,즉흥_춤_축제_세계,32
2,마르코스_모라우,32
3,국제_교류_부,32
3,탭_댄스_페스티벌,32
3,다양_부대_행사,32
3,국제_2인무_페스티벌,32
3,토_대학로 예술극장_극장,32
3,원로_예술인_창작,32
2,탄소_중립,32
3,외국_직업_무용단,32
3,사진_영상_기록,32
2,뉴딜_일자리,32
2,마리_뷔그만,32
3,평자_공연_관람,32
3,예술_향유_기회,32
2,진상_규명,32
2,예방_검진,32
3,대한민국_무용_밤,32
2,마크_모리스,32
3,사업_선정_작,32
3,공연_취소_연기,32
3,부산_문화_재단,32
2,문화_체육_관광부_장관상,32
2,김용_우,32
3,공모_서울_국제,32
2,몽펠리에_당스,32
2,악기_그림책,32
2,경기_도당굿,32
2,러브_스토리,32
3,이애주_한국_전통,32
2,제주_도민,32
2,평단_호평,32
3,김기인_춤_문화,32
2,고대_그리스,32
2,념_무,32
3,공연_기회_제공,32
2,백_스테이지,32
2,수익_창출,32
3,광주_문화_예술,32
2,패션_디자이너,32
2,정동극장_예술단,32
3,현대_무용_부문,32
3,예술가_창작_활동,32
2,콜라보_그룹,32
2,집행_위원장,32
3,국립_무용_단원,32
2,성_평등,32
3,대한민국_문화_예술,32
2,옴니버스_형식,32
2,기계_음,32
2,예매_인터파크,32
2,발전_이바지,32
2,아티스트_토크,32
2,우려_목소리,32
2,언택트_시대,32
2,러시아_마린스키,32
2,성공_요인,32
2,연습_복,32
2,유니버설발레단_서울_발레_시어터,32
2,토_예술의전당 오페라극장,32
3,춤_문화_재단,32
2,기여_도,32
2,왕자_역,32
2,시스템_도입,32
2,정기_대관,32
2,기업_후원,32
2,오디션_공고,32
3,예술_감독_활동,32
2,윤명화_무용단,32
2,대안_제시,32
2,문화재_종목,32
2,공정_심사,32
2,신진_국악,32
2,초빙_교수,32
3,극장_예술_감독,32
2,한국문화예술위원회_전문무용수지원센터,32
2,감성_자극,32
3,지원_사업_공연,32
3,현대_무용_다양,32
2,캐나다_국립발레단,32
2,영상_송출,32
2,비평_아카데미,32
2,유기_관계,32
2,스토리_전개,32
2,고민_흔적,32
2,전석_이상,32
2,복지_정책,32
2,코리아_국제,32
2,인간_본능,32
2,영역_확대,32
2,2인무_인,32
2,분야_인력,32
2,부문_우수,32
2,곡_연주,32
2,댄스_커넥션,32
2,비극_사랑,32
2,관객_눈높이,32
2,교류_부,32
2,추진_계획,32
2,무용극_형식,32
2,공간_제약,32
2,제작비_지원,32
2,지도_교수,32
2,발레단_서,32
2,정보_서울문화재단,32
2,미술_작가,32
2,단순_반복,32
2,수행_기관,32
2,지원금_신청,32
2,연습_기간,32
2,변화_모색,32
2,숙_선생,32
2,기간_신청,32
2,안무_의뢰,32
2,공연자_관객,32
2,힙합_댄스,32
2,선정_사유,32
2,폭력_주제,32
2,삶_태도,32
2,문화_비전,32
2,안성수_안무가,32
2,복원_작업,32
2,극_흐름,32
3,무대_한국_무용,32
2,운영_주체,32
2,공모_기간,32
2,인천_문화,32
2,시민_대상,32
2,형식_실험,32
2,전체_분위기,32
2,공연_도중,32
2,공모_작,32
2,무용단_소속,32
2,무_상,32
2,발레단_시즌,32
2,막_구성,32
3,공연_예술_문화,32
2,재단_대표,32
2,자연_흐름,32
2,축제_제주,32
2,총체_예술,32
2,아티스트_즉흥,32
2,제작_팀,32
2,중심_인물,32
2,공연장_운영,32
2,예술가_성장,32
2,자신_개성,32
2,표현_영역,32
2,연구_방법,32
2,과정_흥미,32
2,영상_온라인,32
2,공간_설정,32
2,역사_흐름,32
2,관객_선사,32
2,여성_댄서,32
2,감정_변화,32
2,특별_의미,32
2,안무_지도,32
2,근현대_춤,32
2,고유_문화,32
2,고민_문제,32
2,단계_지원,32
5,사회_보험료_지원_사업_공고,31
4,봄_여름_가을_겨울,31
3,제전악_장미_잔상,31
3,과일_악기_그림책,31
4,예술인_의료비_지원_사업,31
3,해운대_해변_특설,31
4,김화숙_현대_무용단_사포,31
4,신진_국악_실험_무대,31
4,한국_예술인_복지_재단,31
4,서울_경기_춤_연구회,31
3,에든버러_프린지_페스티벌,31
3,창무_예술원_이사장,31
4,유망_예술_지원_사업,31
3,공식_유튜브_채널,31
4,발레단_서울_발레_시어터,31
3,성동_문화_재단,31
3,문화_소외_계층,31
3,한국예술종합학교_전통_예술원,31
3,국가_이미지_고양,31
3,신진_국악_실험,31
2,올레그_비노그라도프,31
4,국립_현대_무용단_안무,31
3,축제_조직_위원회,31
3,신인_춤_제전,31
4,작품_국립_현대_무용단,31
4,공연_국립_현대_무용단,31
3,경기_춤_연구회,31
3,고무신_춤_축제,31
2,대구문화예술회관_비슬홀,31
3,심사_위원_참여,31
2,노네임_소수,31
2,남해안_별신굿,31
3,예술_감독_임명,31
2,배상_청구,31
3,예술_감독_이종호,31
2,권_명화,31
2,김화숙_현대_무용단_사포,31
3,무용_전공_학생,31
2,진입_장벽,31
2,결격_사유,31
3,문화_공감_사업,31
2,치매_환자,31
2,편애_땅,31
3,국제_무대_진출,31
2,과일_악기,31
2,조선_통신사,31
2,서류_반환,31
3,춤_협회_이사장,31
3,실험_활동_지원,31
2,경성_대학교,31
2,빨강_색,31
2,염불_과장,31
2,무_념,31
2,국립극장_공연예술박물관,31
3,감독_안무_작,31
2,성_소수자,31
2,바_르,31
2,박진_미,31
2,바디_콘서트,31
2,등_퇴장,31
2,스탭_진,31
2,자진모리_장단,31
2,접_신,31
2,부가_가치,31
2,명칭_변경,31
2,보고서_제출,31
3,현대_무용_사,31
3,예술_지원_정책,31
3,발레단_서울_발레,31
2,인프라_구축,31
2,목적_달성,31
2,티켓_구매,31
2,청각_자극,31
3,대한민국_전통_무용,31
2,상생_마당,31
2,금요일_오후,31
2,시즌_개막작,31
2,학_박사,31
2,집행_위원회,31
2,타령_장단,31
2,발달_장애인,31
2,인간_존엄,31
2,희망_연대,31
2,김_봉,31
2,박_숙,31
2,청소년_오케스트라,31
2,네트워크_형성,31
3,전문_춤_단체,31
2,재독_안무가,31
2,등급_이상,31
2,성동_문화,31
2,주_관,31
2,워싱턴_발레단,31
2,해외_유수,31
3,예술_감독_자신,31
2,인_자원,31
2,부문_수상자,31
3,작품_국립_현대,31
3,한국_춤_비평,31
2,김채현_교수,31
2,은유_상징,31
2,오케스트라_연주,31
3,공연_국립_현대,31
2,국악_단,31
2,조흥동_선생,31
2,가치_창출,31
2,기능_수행,31
2,공동_위원장,31
2,유네스코_세계,31
2,원_곡,31
2,자료_제출,31
2,재단_홈페이지,31
2,센터_홈페이지,31
2,감독_이종호,31
2,근_현대,31
2,실험_도전,31
2,발레_월드,31
2,무대_앞쪽,31
2,제출_방법,31
2,바흐_음악,31
2,현실_환상,31
2,장은정_무용단,31
2,비평_매체,31
2,김경란_선생,31
2,장유경_무용단,31
2,자료_정리,31
2,참여_유도,31
2,정보_한국문화예술위원회,31
2,열정_노력,31
2,국내_학술,31
2,고무신_춤,31
2,작업_병행,31
2,주민_참여,31
2,한정_공간,31
2,창작_욕구,31
2,국내_최고,31
2,관계_탐구,31
2,선택_집중,31
2,놀이_요소,31
3,예술_감독_공연,31
2,각자_방식,31
2,상상_이상,31
2,사전_의미,31
2,협회_공동,31
2,상_부문,31
2,음악_작곡가,31
2,선정_위원회,31
2,지역_연계,31
2,불멸_춤,31
2,노력_결과,31
3,예술_감독_춤,31
3,무대_전통_춤,31
2,인터뷰_내용,31
2,역_서울,31
2,이해_노력,31
2,무용단_내부,31
2,운영_계획,31
2,전문_심사,31
2,연구_자료,31
2,댄서_출연,31
2,축제_연계,31
2,공감_사업,31
2,해외_아티스트,31
2,무용_인구,31
2,역사_인식,31
2,움직임_리서치,31
2,예술_블랙리스트,31
2,관련_분야,31
2,축제_성격,31
2,독창_안무,31
2,감독_역량,31
2,신작_제작,31
2,사실_관계,31
2,아시아_지역,31
2,국악원_무용단,31
2,경험_기억,31
2,움직임_본질,31
2,이지현_춤,31
2,주체_자신,31
2,자신_발견,31
4,해운대_해변_특설_무대,30
4,방방곡곡_문화_공감_사업,30
3,코리안_심포니_오케스트라,30
4,한국문화예술위원회_국제_교류_부,30
4,춤_비평가_협회_베스트,30
3,주한_영국_문화원,30
3,진주_교방_굿거리,30
4,지원_사업_선정_작,30
4,축제_예술_감독_장 광열,30
4,창작_실험_활동_지원,30
3,댄스_시어터_샤하르,30
3,비평가_협회_베스트,30
4,예술_감독_안무_작,30
2,로이_토비아스,30
3,지역_상생_프로젝트,30
3,가족_단위_관객,30
2,호모_루피엔스,30
3,교방_굿거리_춤,30
2,사도_세자,30
2,까멜리아_레이디,30
3,몽펠리에_댄스_페스티벌,30
2,세시_풍속,30
3,인천_문화_재단,30
3,청년_예술_청,30
2,납부_확인서,30
2,페이스_옐로우,30
2,파킨슨_환자,30
2,하회_별신굿,30
3,개관_기념_공연,30
2,연세대_탈패,30
2,도미_부인,30
3,예술_감독_직,30
2,흑_백,30
2,윤상_은,30
3,국제_안무_대회,30
2,야외_음악당,30
2,전년_대비,30
3,서울시_창작_공간,30
3,국립_무용단_창단,30
3,문화_회관_극장,30
3,문화_예술_블랙리스트,30
2,권익_보호,30
3,국내_공공_무용단,30
2,연령_초등학생,30
2,무애가_무,30
2,인격_침해,30
2,네오_클래식,30
3,한국_컨템포러리_댄스,30
2,동_락,30
2,기조_발제,30
2,자격_요건,30
3,춤_움직임_원리,30
2,합동_오디션,30
2,달빛_아래,30
2,오픈_업,30
2,기성_세대,30
2,독일_표현주의,30
2,춤웹진_게재,30
2,합격자_발표,30
2,리허설_디렉터,30
2,단오_굿,30
2,에너지_분출,30
2,모노탄츠_서울,30
2,부스_전시,30
2,차지_비중,30
3,예술인_예술_활동,30
2,책_출간,30
3,미국_현대_무용,30
2,몽환_분위기,30
2,행정_인력,30
3,작품_제작_과정,30
2,키로프_발레단,30
2,발제_토론,30
2,달맞이_극장,30
2,세부_일정,30
2,문화_관광부,30
2,박외선_선생,30
2,저작물_저작,30
2,촬영_편집,30
2,소장_자료,30
3,최승희_무용_예술,30
2,구조_조정,30
2,이창기_대표,30
2,대학_입학,30
2,방문_접수,30
2,균_극장,30
2,협회_베스트,30
2,코로나_피해,30
2,문화재_보유자,30
2,서울_시내,30
2,키부츠_무용단,30
2,굿_연행,30
2,사각_조명,30
3,협회_한국_춤,30
2,주요_인사,30
2,상생_프로젝트,30
2,화_토,30
2,기반_조성,30
2,국악원_국악,30
3,관객_참여_공연,30
2,탈춤_반,30
2,입문_과정,30
2,체제_운영,30
2,정신_건강,30
2,가치_확산,30
2,효율_운영,30
2,석_문의,30
3,관객_현대_무용,30
2,발레_콩쿨,30
2,역동_군무,30
2,작품_전편,30
2,보호_대상,30
2,스트라빈스키_음악,30
2,토_아르코예술극장,30
2,문화_향수,30
2,정책_수행,30
2,수업_학생,30
2,수석_단원,30
2,인물_설정,30
2,댄스_스포츠,30
2,감독_안애순,30
2,무용_교육원,30
2,현장_목소리,30
2,자유_의지,30
2,단원_모집,30
2,댄스_랩,30
2,매체_활용,30
2,역사_맥락,30
2,정보_전달,30
2,애착_작품,30
2,특별_이유,30
2,예술가_발굴,30
2,분야_한국문화예술위원회,30
2,해체_구성,30
2,결정_역할,30
2,관객_압도,30
2,운동_감각,30
2,안무가_제임스,30
2,몸짓_언어,30
2,효과_기대,30
2,무용_과목,30
2,몸_물질,30
2,배정혜_전통,30
2,경제_사회,30
2,감정_상태,30
2,인간_리듬,30
2,해외_사례,30
2,무용수_은퇴,30
2,단위_관객,30
2,바닥_소리,30
2,학생_대상,30
2,특정_지역,30
2,일부_장면,30
2,사회_메시지,30
2,기록_영화,30
2,자연_연결,30
2,무용수_스태프,30
2,신체_이미지,30
2,문화_행정,30
2,개최_행사,30
2,전달_방식,30
2,안무가_연출가,30
2,예술인_대상,30
2,이야기_탄생,30
2,결국_자신,30
2,워크숍_즉흥,30
2,기획_전시,30
2,지역_정서,30
2,공연_실적,30
2,측면_의미,30
2,주최_국제,30
2,내용_이해,30
2,협력_프로그램,30
2,주최_서울,30
2,장르_형식,30
2,중요_이유,30
2,발레_틀,30
2,극장_밖,30
2,인간_세상,30
2,선정_예술인,30
5,전국_민속_예술_경연_대회,29
5,시립_무용단_예술_감독_윤성주,29
5,한국_춤_비평가_상_시상식,29
5,안무_창작_공연_운영_위원회,29
3,한국예술종합학교_무용원_실기과,29
4,창작_준비금_지원_신청,29
4,전국_민속_예술_경연,29
3,김매자_창무_예술원,29
3,해원_상생_마당,29
4,서울_발레_시어터_단장,29
3,클라우드_게이트_무용단,29
3,국민_주권_정부,29
3,협동_조합_이사장,29
3,의상_디자인_최인숙,29
3,무용_음성_해설가,29
4,무용단_예술_감독_선임,29
3,친일_민족_행위,29
3,오픈_업_프로젝트,29
4,창작_공연_운영_위원회,29
3,성_균_극장,29
3,내용_서울문화재단_누리집,29
3,서_발레단_와이즈,29
3,마린스키_발레단_수석,29
4,예술_지원_사업_공모,29
3,경연_대회_참가,29
2,라시드_우람단,29
2,트레펜_토탈,29
3,준비금_지원_신청,29
2,마르시아_하이데,29
3,무용제_경연_대상,29
3,역량_강화_사업,29
3,창작산실_신작_선정,29
3,민속_문화_연구회,29
4,안무_창작_공연_운영,29
2,자가_격리,29
3,관객_눈_귀,29
2,메디치_가문,29
3,비평가_상_수상,29
2,신세계스퀘어_야외무대,29
2,아이엔지_콜라보,29
2,정다슬_파운데이션,29
3,최고_무용가_상,29
3,발레_시어터_단장,29
3,어린이_청소년_무용,29
2,장영_규,29
3,무용_창작산실_우수,29
2,지리_킬리안,29
2,이고르_스트라빈스키,29
2,서체_파일,29
2,예측_불허,29
3,전국_민속_예술,29
3,강사_지원_사업,29
2,하루_종일,29
3,예술_학_연구,29
3,수석_무용수_활동,29
2,아시안_게임,29
2,폐_과,29
2,신간_안내,29
3,작품_레퍼토리_개발,29
3,청년_무용_예술가,29
2,양산_학춤,29
2,치매_치료,29
2,모노_드라마,29
2,하늘_연못,29
2,성_균,29
3,공연_운영_위원회,29
2,디자인_최인숙,29
2,체육_관광,29
2,목신_오후,29
2,황_혜,29
2,최진_한,29
2,국_공립,29
3,공연_국립_국악원,29
2,주권_정부,29
2,토크_콘서트,29
2,민_소매,29
2,그리스_신화,29
2,가교_역할,29
2,분_박,29
2,회원_가입,29
2,후원_서울특별시,29
2,수상_영예,29
2,혜_민,29
2,하루_이틀,29
2,살풀이_수건,29
2,국_시립,29
2,유리_벽,29
2,경쟁_치열,29
2,일요일_오후,29
3,민간_춤_극장,29
2,청각_장애인,29
2,도시_재생,29
2,목_평일,29
2,프린지_페스티벌,29
2,기생_조합,29
3,한국_근대_춤,29
2,창단_멤버,29
2,코로나_재난,29
2,장구_장단,29
3,현대_무용_페스티벌,29
2,논저_상,29
2,학부_교수,29
3,예술가_예술_단체,29
3,한국_춤_전공,29
2,대학_동문,29
2,아카이브_플랫폼,29
2,담론_형성,29
2,원작_소설,29
2,정책_운용,29
3,창작_공연_운영,29
2,안은미_컴퍼니,29
3,축제_기획_공연,29
2,사랑_이별,29
2,라인업_발표,29
2,절반_이상,29
2,서울_발레_시어터_단장,29
2,관람_포인트,29
2,신라_시대,29
2,전승_양상,29
2,선_악,29
2,내면_갈등,29
2,일본_부토,29
2,석_인터파크,29
2,조합_이사장,29
2,핀란드_국립발레단,29
2,한국문화예술위원회_창작산실,29
2,업_프로젝트,29
2,판단_기준,29
2,밤_꿈,29
2,전문_지식,29
2,도시_투어,29
2,인식_개선,29
2,발레_스쿨,29
2,객석_웃음,29
2,꿈_희망,29
2,한_정서,29
2,토_세종문화회관,29
2,배우_연기,29
2,도구_활용,29
2,핵심_요소,29
2,논문_발표,29
2,주변_환경,29
2,워크숍_강사,29
2,토_목,29
2,접촉_즉흥,29
2,기록_학,29
2,예술인_건강,29
2,부문_수상,29
2,배_이상,29
2,예술_영재,29
2,안애순_감독,29
2,삶_성찰,29
2,발레단_서울_발레_시어터,29
2,악기_소리,29
3,구성_한국_춤,29
2,금_수,29
2,국가_정체,29
2,연극_미술,29
2,원로_예술가,29
3,작품_예술_감독,29
2,관객_몫,29
2,프리랜서_무용수,29
2,개인_공동체,29
2,교류_확대,29
2,장치_의상,29
2,무용_의학,29
2,영화_뮤지컬,29
2,과정_결과물,29
2,음향_감독,29
2,사업_명,29
2,해결_문제,29
2,상황_고려,29
2,움직임_변주,29
2,문화_상품,29
2,안애순_안무가,29
2,성장_기대,29
2,성장_발전,29
2,기억_인상,29
2,발레_시어터,29
2,발레_교사,29
2,박_선생,29
2,확인_기회,29
3,전통_예술_공연,29
2,관객_만족,29
2,현장_비평,29
2,무대_한쪽,29
2,언어_해석,29
2,심의_과정,29
2,주최_행사,29
2,출신_무용가,29
2,외부_활동,29
2,소리_몸짓,29
2,시대_정신,29
2,안무가_양성,29
2,모습_발견,29
2,연출가_안무가,29
2,몸_훈련,29
2,공모_대상,29
2,주요_발레단,29
2,댄스_드라마,29
2,무대_좌우,29
2,형태_변화,29
2,공연_팸플릿,29
2,현지_관객,29
2,자신_의지,29
2,남성_중심,29
2,출연_국립발레단,29
2,춤_르네상스,29
2,춤_산책,29
2,여성_인,29
2,참여_신청,29
2,연극_장르,29
2,문화_원형,29
2,공간_특성,29
2,현재_모습,29
2,지역_탈춤,29
2,활동_활성,29
5,예술인_의료비_지원_사업_공고,28
4,김매자_창무_예술원_이사장,28
5,서울_국제_댄스_페스티벌_탱크,28
5,한국_춤_비평가_협회_베스트,28
4,의료비_지원_사업_공고,28
3,김남식_댄스투룹_다,28
4,서교_예술_실험_센터,28
3,손해_배상_청구,28
3,아이엔지_콜라보_그룹,28
5,춤_축제_예술_감독_장광열,28
4,마린스키_발레단_수석_무용수,28
3,음양_대대_미학,28
4,국제_댄스_페스티벌_탱크,28
4,무형_문화재_지정_춤,28
3,박사_학위_논문,28
4,무용_역사_기록_학,28
3,유네스코_인류_무형,28
3,연령_초등학생_이상,28
4,국립_현대_무용단_시즌,28
4,무용단_예술_감독_상임,28
3,이원국_발레단_서,28
4,무용_예술_학_연구,28
3,유용_정보_한국문화예술위원회,28
3,휠_댄스_프로젝트,28
3,서교_예술_실험,28
2,마틸드_모니에,28
3,댄스_페스티벌_탱크,28
3,역사_기록_학,28
2,카롤린_칼슨,28
4,국립_현대_무용단_공연,28
2,플라스틱_버드,28
3,안무가_경연_대회,28
3,상주_단체_선정,28
2,댄스투룹_다,28
3,협회_공동_대표,28
2,초록_고래,28
2,농_밀,28
2,한불_수교,28
2,경계선_지능,28
4,무용_음악_전통_예술,28
3,홍승엽_예술_감독,28
3,공공_직업_무용단,28
2,재활_트레이너,28
3,예술_회관_공연장,28
3,이종호_예술_감독,28
2,임기_만료,28
2,니키_아,28
3,춤_비평_아카데미,28
2,금요일_토요일,28
2,금요_공감,28
2,이북_도,28
3,커뮤니티_댄스_활동,28
2,산업_재해,28
3,국공립_예술_단체,28
3,선생_추모_공연,28
2,대학로_성균,28
2,부산문화회관_중,28
3,예술_실험_센터,28
3,발레단_내한_공연,28
2,기념_사업회,28
3,현대_무용단_시즌,28
2,케네디_센터,28
2,대대_미학,28
2,카카오_가치,28
3,한국_커뮤니티_댄스,28
3,창작_준비_지원,28
3,예술_감독_역량,28
3,현대_무용_밤,28
2,마스터_클래스,28
2,여론_수렴,28
2,시행_지침,28
3,이매방_선생_춤,28
2,접수_마감일,28
2,사진_엽서,28
2,탈춤_부흥,28
2,피해자_가해자,28
2,줄기_빛,28
2,재임_기간,28
2,발레리나_발레리노,28
3,예술_창작_센터,28
2,노래_칼춤,28
2,굿거리_과장,28
2,세부_사항,28
2,성_료,28
3,전문_예술_단체,28
2,신청서_제출,28
2,라라미_댄스,28
3,예술_지원_공모,28
2,거대_담론,28
3,나라_문화_예술,28
2,관계자_참석,28
2,박_은,28
2,월_화,28
2,휠_댄스,28
2,버티컬_댄스,28
3,춤_안무_철학,28
2,김_승,28
2,지원금_집행,28
2,우수작_선정,28
2,정재만_선생,28
2,인터파크_문의,28
2,페스티벌_탱크,28
2,비전_제시,28
2,소_아르코예술극장,28
2,종목_지정,28
2,인_시위,28
2,대학_재학,28
2,방법_이메일,28
3,공연_예술_활성,28
2,벨기에_출신,28
2,한국문화예술위원회_재,28
2,기본_충실,28
3,한국_춤_정책,28
2,칼_노래,28
2,수상작_선정,28
2,아메리칸_발레,28
2,기준_적용,28
2,근본_질문,28
2,월_수,28
2,한상근_선생,28
2,취소_결정,28
2,유수_발레단,28
2,인간_본연,28
2,남녀_주인공,28
3,전통_춤_역사,28
2,채록_사업,28
2,서교_예술,28
3,시대_전통_춤,28
2,원형_전승,28
2,철학_사유,28
2,사건_발생,28
2,대본_작가,28
2,심의_위원회,28
2,보호_기간,28
2,레지던시_협업,28
2,티켓_문의,28
2,한국문화예술위원회_후원,28
2,비평_지,28
2,사전_신청,28
2,심사_평,28
2,재단_후원,28
2,가족_친구,28
2,특정_장소,28
2,동아시아_댄스,28
3,공연_예술_발전,28
2,국립_현대_무용단_시즌,28
2,사회_구성원,28
2,차세대_예술가,28
2,발레_스페셜,28
2,일본_홍콩,28
2,부산_춤판,28
3,현대_무용단_작품,28
2,이상_인터파크,28
2,지역_순회,28
2,학교_폭력,28
2,바닥_발,28
2,가족_놀이,28
2,컴퍼니_생활,28
2,요소_결합,28
2,협력_아티스트,28
2,비평_집,28
2,운영_방안,28
2,장르_비,28
2,물리_공간,28
2,조선족_무용,28
2,솔로_군무,28
2,프랑스_뮤지컬,28
3,공연_시작_무대,28
2,유료_관객,28
2,클래식_레퍼토리,28
2,움직임_패턴,28
2,실험_센터,28
2,아시아_국가,28
3,한국_춤_세계,28
2,놀이_굿,28
2,예술가_육성,28
2,춤_자료관,28
2,거울_자신,28
2,장치_조명,28
2,방법_제시,28
2,이유_설명,28
2,근대_무용가,28
3,한국_춤_창작,28
2,전시_관람,28
2,가치_인식,28
2,복지_사업,28
2,환경_제공,28
2,천국_춤,28
2,대학로_극장,28
2,내용_면,28
2,홍승엽_예술,28
2,공식_프로그램,28
2,객원_무용수,28
2,민중_문화,28
2,서울시_대표,28
2,지원_통합,28
2,출품_작품,28
2,극장_관계자,28
3,극장_공연_작품,28
2,이종호_예술,28
2,포함_이상,28
2,창작산실_창작,28
2,수업_참여,28
2,제도_문제,28
2,예술_저변,28
2,교육_효과,28
2,미국_일본,28
2,예술_공장,28
3,현대_무용_춤,28
2,분야_연극,28
2,선생_수업,28
2,교육_정책,28
2,전시_기획,28
2,공연_도입부,28
2,기업_문화,28
2,춤_계보,28
2,프로그램_일정,28
2,프로젝트_공모,28
3,한국_무용_공연,28
2,리듬_음악,28
2,관객_퍼포머,28
2,정책_사업,28
2,페스티벌_일본,28
2,참가_무용가,28
2,교육_환경,28
2,단체_우수,28
5,카카오_가치_크라우드_펀딩_매칭,27
5,가치_크라우드_펀딩_매칭_지원,27
4,카카오_가치_크라우드_펀딩,27
4,가치_크라우드_펀딩_매칭,27
5,부산_국제_무용제_조직_위원회,27
5,시립_무용단_예술_감독_상임,27
5,대구_국제_즉흥_춤_축제,27
3,카카오_가치_크라우드,27
4,대한_무용_협회_이사장,27
4,오후_국립_극장_달오름극장,27
3,무애가_무_행,27
4,대한민국_장애인_국제_무용제,27
4,부산_국제_무용제_조직,27
3,가치_크라우드_펀딩,27
4,서울_무용제_경연_대상,27
5,예술_창작_활동_지원_사업,27
4,문화_예술_기획_이오공감,27
4,춤_유용_정보_한국문화예술위원회,27
3,토론토_프린지_페스티벌,27
3,성남아트센터_오페라_하우스,27
4,지원_사업_공모_안내,27
4,문화_예술_위원회_위원장,27
3,칼_노래_칼춤,27
3,구술_채록_사업,27
4,춤_비평가_상_수상,27
4,협회_춤_비평가_상,27
3,부산문화회관_중_극장,27
4,예술_강사_지원_사업,27
4,공연_예술_분야_인력,27
4,대구_국제_즉흥_춤,27
3,발레단_호두까기_인형,27
3,국내_학술_심포지엄,27
3,관람_등급_이상,27
4,문화_예술_회관_극장,27
3,이정연_댄스_프로젝트,27
4,춤_비평가_협회_한국,27
3,대한_무용_학회,27
2,페르난도_멜로,27
3,신진_안무가_발굴,27
3,로열_발레_학교,27
2,퀵_쉬,27
3,상_수상자_선정,27
2,여우_돌고래,27
3,일본_요코하마_댄스,27
2,무념_무상,27
3,참가_작_공모,27
2,사미_족,27
2,아담_이브,27
2,화상_연설,27
3,키부츠_현대_무용단,27
2,출판_기념회,27
2,키트리_바질,27
3,예술_위원회_위원장,27
2,제주특별자치도_립,27
3,국립발레단_안무가_육성,27
4,한국_무용_발레_현대,27
2,최성_옥,27
3,대구_국제_즉흥,27
3,손인영_예술_감독,27
2,동계_올림픽,27
2,도서_출판,27
2,촛불_집회,27
3,예술_분야_인력,27
3,공연_부대_행사,27
2,자격증_취득,27
3,비평가_협회_한국,27
3,세계_즉흥_전문,27
2,학창_시절,27
2,다문화_가정,27
2,서울교방_동인,27
2,철저_처절,27
2,홍콩_위크,27
3,영상_예술_포럼,27
3,남성_무용수_여성,27
2,아크릴_판,27
3,생태_즉흥_공연,27
3,발레_축제_참가,27
2,국악_관현악,27
2,러시아_황실,27
2,출연료_지급,27
3,무용단_운영_문제,27
2,수당_지급,27
3,예술_회관_극장,27
3,커뮤니티_즉흥_공연,27
2,콩쿠르_입상,27
3,서울문화재단_서울_무용,27
3,협회_춤_비평가,27
2,대한_무용_협회_이사장,27
2,저작_인접,27
2,긴장감_고조,27
3,예술_사회_가치,27
2,수년_간,27
2,지원금_수혜,27
2,가치_크라우드,27
2,권리_보장,27
2,창의_인재,27
2,비보이_단,27
2,서정_숙,27
2,성명서_발표,27
3,해외_초청_공연,27
2,맛_멋,27
2,무_행,27
2,대한민국_국적,27
2,오픈_클래스,27
2,공개_심층,27
2,정책_수립,27
2,법_개정,27
2,부산_국제_무용제_조직,27
2,공원_야외,27
2,진도_북,27
2,아크람 칸_컴퍼니,27
2,테크닉_구사,27
2,어휘_춤사위,27
3,다양_예술_장르,27
3,예술_감독_선정,27
2,리에주_극장,27
2,눈_여왕,27
2,코로나_방역,27
2,공모_개요,27
3,정기_공연_무대,27
2,이정연_댄스,27
3,공연_예술_시장,27
3,문화_예술_현장,27
2,은_미,27
2,효과_극대,27
2,성폭력_사건,27
3,전통_춤_개념,27
2,인간_왕국,27
2,한국문화예술위원회_아르코,27
2,김_옥,27
2,분장_형태,27
2,말씀_부탁,27
2,석_박사,27
2,상_수상작,27
2,직업_창출,27
2,김_경,27
2,지원금_지급,27
3,작품_출연_무용수,27
2,티켓_오픈,27
2,음향_효과,27
2,기초_생활,27
2,수상_경력,27
2,최소_이상,27
2,최고_기량,27
2,본연_모습,27
2,교육_진흥원,27
3,문화_예술_프로그램,27
2,김화숙_교수,27
2,지역_특색,27
2,어린이_가족,27
2,북_장단,27
2,학회_공동,27
2,고유_특성,27
2,심리_상태,27
2,워크숍_참가자,27
2,인_더,27
3,전통_춤_교육,27
2,김수악_선생,27
2,의미_내포,27
2,민간_직업,27
2,신예_안무가,27
2,고양_국제,27
2,리서치_워크숍,27
2,성남_문화,27
2,가치_실현,27
2,복합_장르,27
2,분석_비평,27
2,창작산실_레퍼토리,27
2,토대_마련,27
3,국내_공연_예술,27
2,녹음_음악,27
2,긴장_관계,27
2,규모_확대,27
2,전승_사,27
2,커뮤니티_아트,27
2,최승희_탄생,27
2,적용_대상,27
2,문학_시각,27
2,활동_중단,27
2,일반_무용인,27
2,표현_수단,27
2,문화재_위원,27
2,바닥_물,27
3,말_전통_춤,27
2,무용단_현안,27
3,예술_감독_무용,27
2,동물_인간,27
2,발전_목표,27
2,학생_운동,27
2,발레_입문,27
2,프티파_안무,27
2,협력_기관,27
2,서로_이해,27
2,관점_해석,27
2,유럽_도시,27
2,운영_체계,27
2,우리나라_대표,27
2,정체_고민,27
2,교류_플랫폼,27
3,한국_안무가_작품,27
2,뮤지컬_연극,27
2,기본_구조,27
2,내용_정리,27
2,디자인_의상,27
2,무대_양쪽,27
2,태국_전통,27
2,위원_심사,27
2,선택_이유,27
2,시대_궁중,27
2,사회_복지,27
2,조명_효과,27
3,전통_춤_한국,27
2,소재_활용,27
2,야외_공간,27
2,서울_제주,27
2,손인영_예술,27
2,급_무용수,27
3,현대_공연_예술,27
2,서울_대구,27
2,이상_이전,27
2,주제_접근,27
2,공간_확보,27
2,끝_부분,27
2,교육_콘텐츠,27
2,자신_목소리,27
2,사회_요구,27
2,작품_도입부,27
2,의지_표현,27
2,기관_운영,27
2,대본_안무,27
2,일본_프랑스,27
2,연습_장면,27
2,국내_작,27
2,다양_버전,27
2,선생_감사,27
2,프로그램_공개,27
2,달오름극장_공연,27
2,작업_계속,27
2,상징_장면,27
2,작품_제작비,27
2,꿈_이야기,27
2,변화_흐름,27
2,축제_플랫폼,27
2,해당_사업,27
2,논의_시작,27
2,미래_사회,27
2,선발_무용수,27
2,신체_관계,27
2,무용단_오디션,27
2,의미_발견,27
2,무용수_연주자,27
2,참여_학생,27
2,문제_인식,27
2,무용_평론,27
4,일본군_위안부_해원_상생,26
4,건강_보험료_납부_확인서,26
5,발레_시어터_이원국_발레단_서,26
5,코리아_국제_현대_무용_콩쿠르,26
4,시어터_이원국_발레단_서,26
4,후쿠오카_댄스_프린지_페스티벌,26
4,문화_체육_관광부_서울특별시,26
4,진주_교방_굿거리_춤,26
3,일본군_위안부_해원,26
3,보험료_납부_확인서,26
5,무용단_예술_감독_상임_안무,26
4,후원_문화_체육_관광부,26
3,위안부_해원_상생,26
3,건강_보험료_납부,26
5,국제_공연_예술_프로젝트_대표,26
4,국립발레단_안무가_육성_프로젝트,26
3,체육_관광부_서울특별시,26
4,미국_국립_춤_박물관,26
3,홈페이지_공지_사항,26
4,무용단_예술_감독_손인영,26
3,바인즈_아트_페스티벌,26
4,코리아_국제_현대_무용,26
3,유니버설발레단_문훈숙_단장,26
4,국립_현대_무용단_홈페이지,26
3,국립_국악원_우면당,26
3,이창기_대표_이사,26
3,공개_심층_인터뷰,26
4,무용_창작산실_우수_작품,26
4,국제_현대_무용_콩쿠르,26
3,무형_문화재_보유자,26
3,저작_법_보호,26
3,동아시아_댄스_플랫폼,26
2,대공_분실,26
2,테이_핑,26
2,한지원_염태선,26
2,금품_수수,26
3,국립_국악원_국악,26
4,공연_예술_프로젝트_대표,26
3,후원_문화_체육,26
2,유병_헌,26
3,전문_심사_위원,26
3,석_이상_관람,26
3,코리아_국제_현대,26
2,극장장_박인건,26
3,토_아르코예술극장_극장,26
3,발레_협회_회장,26
2,존_크랭코,26
2,관전_포인트,26
3,축제_참가_작,26
2,자연사_박물관,26
2,위안부_해원,26
2,권세_현,26
3,지원_사업_추진,26
2,무용원_이론과,26
2,상트페테르부르크_마린스키,26
3,예술_감독_안애순,26
2,극단_자갈치,26
2,카메라_앵글,26
3,무용_전공_대학,26
2,추후_공지,26
2,피아노_협주곡,26
2,희_완,26
2,카롤린_칼,26
3,발레_축제_조직,26
3,댄스_페스티벌_초청,26
3,무형_문화재_춤,26
2,국악원_우면당,26
2,국회_의원,26
3,현대_무용단_홈페이지,26
2,품_바,26
3,국제_교류_지원,26
3,정부_춤_정책,26
3,대학로 예술극장_극장_무대,26
2,채록_본,26
2,돌_모래,26
3,주관_공연_기획,26
3,무용단_주역_무용수,26
3,민간_무용_단체,26
2,심사_위원단,26
2,주체_객체,26
3,한국_무용_협동조합,26
2,피지컬_씨어터,26
2,문화_체육_관광부_서울특별시,26
2,논문_표절,26
2,엄마_아들,26
2,최강_프로젝트,26
2,진흥_기금,26
2,거문고_연주자,26
2,문화역_서울,26
3,세계_무용_날,26
3,전통_춤_기법,26
3,안무가_육성_공연,26
3,한국_춤_전공자,26
2,사자_탈,26
2,국립발레단_안무가_육성_프로젝트,26
2,유니버설발레단_문훈숙,26
2,시대_착오,26
2,여백_미,26
3,대구_지역_춤,26
3,무용단_단장_예술,26
2,피아노_선율,26
2,역할_분담,26
2,북_놀음,26
2,보존_계승,26
2,아르코예술극장_소극장,26
3,예술_감독_연출,26
2,신입_단원,26
2,발전_저해,26
2,위반_행위,26
3,지역_대표_예술,26
2,매력_발산,26
2,신임_이사장,26
2,파리_올림픽,26
3,미국_국립_춤,26
2,주요_배역,26
2,유학_시절,26
2,산하_기관,26
2,임이조_선생,26
2,기량_발휘,26
2,진흥_재단,26
2,탈춤_마당극,26
3,다양_장르_공연,26
2,댄스_매거진,26
2,모래_기억,26
2,발전_헌신,26
2,박_희,26
2,후원_문화_체육_관광부,26
2,환경_파괴,26
2,최상철_현대,26
2,징_소리,26
2,시범_운영,26
2,정신혜_무용단,26
2,사고_발생,26
2,유산_지정,26
2,고전주의_발레,26
2,위안부_문제,26
3,전통_춤_해석,26
2,국제_공연_예술_프로젝트_대표,26
3,무용수_출연_작품,26
3,서울_예술_지원,26
2,예술의전당_오페라,26
2,유망_예술가,26
2,사항_홈페이지,26
2,머리_장식,26
2,공지_예정,26
3,전통_춤_분야,26
2,초대_단장,26
2,하체_동작,26
2,탈춤_패,26
2,유통_활성,26
3,댄스_예술_감독,26
2,예매_티켓,26
2,무당_굿,26
2,미나유_선생,26
2,메세나_지원,26
3,공연_예술_비평,26
2,대관_신청,26
2,김_현,26
2,비디오_아티스트,26
2,파도_소리,26
2,소속_컴퍼니,26
2,장기_계획,26
2,블루_댄스,26
2,대안_학교,26
2,화_금,26
2,선생_생전,26
2,관통_주제,26
2,시_도,26
2,국립_현대_무용단_홈페이지,26
2,코로나_위기,26
2,인생_기념,26
2,아크로바틱_움직임,26
2,인간_실존,26
3,지원_문화_예술,26
3,시각_예술_공연,26
2,인기_레퍼토리,26
2,클래식_컨템포러리,26
2,실기_교육,26
3,무용단_현대_무용,26
2,주변_인물,26
2,무용_인류학자,26
2,분절_움직임,26
2,유수_무용단,26
2,관객_열광,26
2,확인_문의,26
2,홍콩_일본,26
2,대상_제외,26
2,창조_전승,26
2,몸_밀착,26
2,탈춤_판,26
2,베이스_활동,26
2,반복_리듬,26
2,사후_지원,26
2,프로그램_운용,26
2,법_제도,26
2,직업_개발,26
2,현장_적용,26
2,네트워킹_프로그램,26
2,다양_계층,26
3,창작_춤_전통,26
2,분위기_전환,26
2,소통_공감,26
2,학술_상,26
2,LG아트센터_기획,26
2,인간_로봇,26
2,신청_이전,26
2,미_가치,26
2,시립_발레단,26
2,무대_상수,26
2,정부_기관,26
2,상_박,26
2,배리어프리_공연,26
2,제기_문제,26
2,문화_자원,26
2,경쟁_사회,26
2,입단_과정,26
2,예술가_기획자,26
2,참여_제한,26
2,공모_국립극장,26
2,플랫폼_페스티벌,26
2,표현_기법,26
2,비용_지원,26
2,의식_무,26
2,시대_요구,26
2,상황_설정,26
2,문화_올림픽,26
2,관련_정보,26
2,빛_소리,26
2,각자_삶,26
2,동아시아_무용,26
2,신작_레퍼토리,26
2,볼쇼이_발레,26
2,작_발표,26
2,미국_프랑스,26
2,국립극장_국립,26
2,외부_세계,26
2,각자_이야기,26
2,신작_준비,26
2,내용_계획,26
2,이상_석,26
2,축제_차별,26
2,국제_수준,26
2,동시대_사회,26
2,발레단_출신,26
2,이상_나라,26
2,경제_활동,26
2,흐름_자연,26
2,축제_지향,26
2,국내외_다양,26
2,특정_공간,26
2,무대_경쟁력,26
2,실력_무용수,26
2,존재_인식,26
2,현장_예술인,26
2,해외_팀,26
3,안무가_작품_공연,26
2,기회_기대,26
2,관심_대상,26
2,춤_전문지,26
2,발레_컨템퍼러리,26
2,서울_도시,26
2,춤_레파토리,26
2,재단_사업,26
2,오후_서울,26
2,법고_춤,26
2,죽음_인간,26
2,소통_중요,26
5,부상_예방_검진_지원_사업,25
5,펀딩_매칭_지원_사업_공모,25
4,부상_예방_검진_지원,25
4,케이_휠_댄스_프로젝트,25
4,예방_검진_지원_사업,25
5,춤_비평가_협회_베스트_작품,25
5,이애주_한국_전통_춤_회,25
5,한국_문화_예술_위원회_위원장,25
4,위원회_문화_체육_관광부,25
5,참여_서울_국제_즉흥_춤,25
3,카롤린_칼_송,25
3,박사_학위_취득,25
4,매칭_지원_사업_공모,25
4,비평가_협회_베스트_작품,25
4,서울_탭_댄스_페스티벌,25
4,발레_축제_조직_위원회,25
3,케이_휠_댄스,25
4,대한민국_발레_축제_조직,25
4,우수_작품_상_수상,25
3,제주특별자치도_립_무용단,25
3,예방_검진_지원,25
3,금_평일_주말,25
4,뉴욕_공연_예술_도서관,25
3,문화_관광_체육부,25
3,돌_모래_기억,25
3,교사_자격증_제도,25
3,코로나_확산_방지,25
4,서울문화재단_서울_무용_센터,25
4,참여_서울_국제_즉흥,25
3,국군_예술_부대,25
3,심사_위원_특별상,25
3,동래_한량_춤,25
4,무용단_단장_예술_감독,25
3,인천_아트_플랫폼,25
3,유니버설_아트_센터,25
2,랄리_아구아데,25
3,서울시_서울문화재단_한국문화예술위원회,25
3,고양_국제_무용제,25
4,댄스_페스티벌_예술_감독,25
3,메타_댄스_프로젝트,25
3,검진_지원_사업,25
4,한국_무용_예술_학회,25
3,신청_접수_방법,25
4,문화_예술_교육_프로그램,25
2,수잔_버지,25
2,워킹_매드,25
3,예술의전당_토월극장_무대,25
4,서울_문화_예술_교육,25
2,알렉산더_에크만,25
2,육아_휴직,25
3,비평가_협회_주최,25
3,최상철_현대_무용단,25
3,사업_신청_안내,25
3,시립_무용단_상임,25
3,위원회_문화_체육,25
3,지원_신청_안내,25
2,가로_세로,25
2,케이_휠,25
2,유성기_음반,25
3,전문_아티스트_참여,25
3,발레_학교_졸업,25
3,협회_베스트_작품,25
3,국제_여름_축제,25
2,미나_유,25
2,관광_체육부,25
2,라_수르스,25
2,박용_구,25
2,난상_토론,25
2,친일_행적,25
3,활동_내용_계획,25
2,전북_도립,25
2,동래_한량,25
2,이철_진,25
2,부퍼탈_탄츠테아터,25
2,무용학과_폐과,25
2,토요일_일요일,25
2,크리에이티브_디렉터,25
2,후진_양성,25
3,전통_상설_공연,25
2,민중_항쟁,25
2,오스트리아_빈,25
2,태평성대_기원,25
2,벼랑_끝,25
2,스페인_마스단자,25
3,우수_작품_제작,25
3,참여_서울_국제,25
2,응원_봉,25
3,해외_초청_무용수,25
2,러시아_상트페테르부르크,25
3,교육_지원_사업,25
2,조남규_이사장,25
3,현대_무용_테크닉,25
3,무용단_내한_공연,25
2,태양_서커스,25
2,자격_변동,25
2,낮_밤,25
2,영리_목적,25
2,청_보,25
2,박근혜_정부,25
3,문화_예술_전반,25
2,효_정,25
2,대학교_학년,25
3,국제_예술_교류,25
2,중장기_계획,25
2,서울문화재단_이창기,25
3,댄스_컴퍼니_예술,25
2,멋_맛,25
2,토_일요일,25
3,예술_단체_공모,25
2,내_갈등,25
2,끝_자락,25
2,위원_특별상,25
2,사_포,25
2,박스_씨어터,25
3,프랑스_현대_무용,25
2,결과_초래,25
2,자연_친화,25
2,홈페이지_전화,25
2,보존회_회장,25
2,공연장_관료,25
3,전통_무용_분야,25
2,유럽_전역,25
2,토_예술의전당 자유소극장,25
2,대한무용협회_서울,25
2,대한민국_발레_축제_조직,25
2,보험_적용,25
3,시립_무용단_작품,25
2,문제점_해결,25
2,창립_기념,25
2,모이세예프_발레단,25
2,서울문화재단_서울_무용_센터,25
3,신_전통_춤,25
2,이스라엘_출신,25
3,춤_소식_한국,25
2,사_한국무용협회,25
2,주요_제작진,25
2,언론_매체,25
2,책_발간,25
3,시립_무용단_공연,25
2,학교_입학,25
2,주관_재,25
2,러시아_볼쇼이,25
2,인천_아트,25
2,검진_지원,25
2,컨템포러리_서커스,25
2,학술_포럼,25
2,겨울_시즌,25
2,심사_통과,25
2,자전_이야기,25
2,세기_초반,25
2,특정_다수,25
2,미국_유학,25
2,해결_과제,25
2,인큐베이팅_프로그램,25
2,광무대_전통,25
2,감독_재임,25
2,유니버설_아트,25
2,문학_미술,25
2,백조_군무,25
2,발전_도모,25
2,전북_지역,25
2,몸_현상학,25
2,주민_센터,25
2,학교_교사,25
2,영향력_행사,25
2,신은주_무용단,25
2,다양_층위,25
2,전공_졸업,25
2,립_무용단,25
2,자연_순환,25
3,문화_예술_공간,25
2,다양_스펙트럼,25
2,커넥션_사업,25
2,토_예술의전당,25
3,춤_축제_서울,25
2,장치_소품,25
2,모집_서울문화재단,25
2,국군_예술,25
2,라_질문,25
2,재단_설립,25
2,개인_취향,25
2,듀엣_군무,25
2,수행_능력,25
2,생활_안정,25
2,도쿄_발레단,25
2,남성_2인무,25
2,스타일_구축,25
2,김용걸_교수,25
2,유능_안무가,25
2,김_나이,25
2,역할_충실,25
2,공통_주제,25
2,파견_지원,25
2,지원_항목,25
2,프로젝트_일환,25
2,쇼케이스_심사,25
2,생태_환경,25
2,무용과_학생,25
2,일정_수준,25
2,가치_판단,25
2,전통공연예술진흥재단_전통,25
2,순_선생,25
3,무용_예술_사회,25
2,사전_행사,25
2,전통_상설,25
2,평론가_협회,25
2,차이_반복,25
2,참가_부문,25
2,코리아_댄스,25
2,위원회_공동,25
2,지난해_초연,25
2,영화_드라마,25
2,무용과_관련,25
2,이해_도움,25
2,아프리카_댄스,25
2,무용수_출연료,25
2,연주_노래,25
2,대한민국_국가,25
2,류_무용단,25
2,발레_거장,25
2,춤_예맥,25
2,움직임_질감,25
2,결과_공유,25
2,온라인_신청,25
2,프랑스_출신,25
2,배경_설명,25
2,허성임_안무가,25
2,무대_하수,25
2,객석_거리,25
2,공연_고려대,25
2,삶_여정,25
2,안무가_데뷔,25
2,재즈_댄스,25
2,다리_동작,25
2,도시_탈춤,25
2,계층_문화,25
2,워크숍_신청,25
2,희_선생,25
2,추상_표현,25
3,예술_작품_지원,25
2,기존_레퍼토리,25
2,예술_종사자,25
2,관리_감독,25
2,모습_연상,25
2,환경_마련,25
2,보완_작업,25
2,물질_몸,25
2,공간_조성,25
2,상_우수,25
2,사_연구,25
2,극장_경영,25
2,다양_양상,25
2,대학_학생,25
2,공연_예술사,25
2,김_교수,25
2,제도_운영,25
2,김용걸_발레,25
2,세계_투어,25
2,공연_커튼콜,25
2,관객_호평,25
2,즉흥_창조,25
2,옆_사람,25
2,구분_의미,25
2,작품_출품,25
2,김용걸_안무,25
2,안무_김용걸,25
2,지역_활성,25
2,추진_과정,25
2,국립발레단_레퍼토리,25
2,지역_출신,25
2,기존_방식,25
2,서양_발레,25
2,현재_상황,25
2,서정숙_춤,25
2,종합_문화,25
2,세상_존재,25
2,역사_가치,25
2,차원_공간,25
2,움직임_오브제,25
2,인상_부분,25
2,발전_기대,25
2,도시_서울,25
5,일본군_위안부_해원_상생_마당,24
4,위안부_해원_상생_마당,24
5,기획_연재_공동체_춤_신명,24
5,대한민국_발레_축제_조직_위원회,24
3,하회_별신굿_탈놀이,24
4,무용_교사_자격증_제도,24
4,연재_공동체_춤_신명,24
4,광무대_전통_상설_공연,24
4,방법_신청_접수_기간,24
3,수원_야외_음악당,24
3,국립국악원_원장_임재원,24
4,현대_무용단_사_포,24
4,기획_연재_공동체_춤,24
4,춤_비평_논저_상,24
3,서강대학교_메리_홀,24
4,즉흥_전문_아티스트_참여,24
4,세계_즉흥_전문_아티스트,24
3,광무대_전통_상설,24
4,공공_무용단_운영_문제,24
3,심소_김천흥_선생,24
3,탈춤_부흥_운동,24
3,이경_옥_무용단,24
3,티켓_전석_예매,24
4,국립_무용단_수석_무용수,24
3,창무_국제_예술제,24
3,예술의전당_인터파크_티켓,24
3,기획_연재_공동체,24
4,춤_비평가_상_선정,24
3,비평_논저_상,24
3,여름_밤_꿈,24
4,예정_국립_현대_무용단,24
3,주최_주관_재,24
4,국제_안무가_육성_공연,24
4,한국_현대_무용_밤,24
2,마담_프리덤,24
3,경기_아트센터_극장,24
2,노벨_문학상,24
2,야마다_세츠코,24
3,무용단_사_포,24
3,한국_본부_회장,24
2,몽키_패밀리,24
2,세컨드_네이처,24
3,단체_모집_공고,24
3,방법_신청_접수,24
3,김성훈_댄스_프로젝트,24
4,예술_활동_지원_사업,24
2,최저_생계비,24
3,서울_댄스_콜렉션,24
3,민간_직업_발레단,24
3,연재_공동체_춤,24
3,관료_지원_사업,24
3,문화_티켓_인터파크,24
2,서강대학교_메리홀,24
2,영재_교육원,24
3,이지현_춤_비평가,24
2,서강대학교_메리,24
3,예술_감독_재임,24
2,임_샛별,24
3,무대_세트_의상,24
2,과문_탓,24
3,영상_콘텐츠_제작,24
2,지기_금지,24
3,서울_경기_지역,24
3,비평가_상_선정,24
2,음양_오행,24
3,근대_무용_사,24
2,원장_임재원,24
2,안나_할프린,24
3,예술_감독_홍승엽,24
3,전문_예술_법인,24
2,김영_찬,24
2,직무_대리,24
2,유정_숙,24
2,성균_소극장,24
2,별신굿_탈놀이,24
2,모_살롱,24
2,정_관영,24
2,생애_주기,24
2,인문학_소양,24
2,무릎_굴신,24
3,국립_무용단_주역,24
3,서울_댄스_플랫폼,24
2,박상_윤,24
2,니_드,24
3,문화_재단_대표,24
2,박_연정,24
2,온_오프라인,24
2,올림픽_폐막식,24
2,한스_판,24
2,디지털_성범죄,24
3,무용단_대표_레퍼토리,24
3,전문_무용수_대상,24
2,이탈_주민,24
3,출연_주요_작품,24
2,문화재_보호법,24
2,돈_호세,24
2,리_케이,24
2,차이코프스키_파드되,24
2,예술인_복지법,24
2,이전_출생자,24
2,이_사장,24
3,예정_국립_현대,24
3,현대_무용단_사,24
3,국공립_무용단_예술,24
3,영남_지역_춤,24
2,댕기_머리,24
3,한국_무용_전공자,24
3,상_수상_작품,24
2,샤이오_국립극장,24
2,체결_협약,24
2,체육_교과,24
2,국민_체조,24
3,예술가_지원_사업,24
2,궁중_나례,24
2,스크린_투사,24
2,수원_야외,24
3,서울_안무가_페스티벌,24
2,연방_정부,24
2,패키지_티켓,24
3,국제_춤_시장,24
3,공연_영상_콘텐츠,24
2,복지_증진,24
2,연재_공동체,24
3,전통_춤_보존,24
3,매개_무용_예술,24
2,방위_개념,24
3,예술_교과_무용,24
3,거리_예술_축제,24
2,무용_교사_자격증_제도,24
2,민주_공원,24
2,복_기원,24
2,전석_인터파크,24
2,본부_회장,24
2,염불_장단,24
2,검열_사태,24
2,정혜진_단장,24
2,조사_보고서,24
2,노인_바다,24
3,공연_예술_아카이브,24
2,생존_전략,24
3,정부_문화_예술,24
2,심리_치료,24
2,철_진,24
2,줌_인,24
2,발달_장애,24
2,무브먼트_리서치,24
2,흥미_유발,24
3,전통_춤_영역,24
2,팝_아트,24
2,활성_도모,24
2,문_처,24
2,상상력_발휘,24
2,치료비_지원,24
2,태국_궁중,24
2,궁극_목적,24
3,댄스_페스티벌_예술,24
2,가격_석,24
3,국내_현대_무용,24
2,예술원_법,24
2,위원_풀,24
2,학술_논문,24
3,공공_무용단_작품,24
3,현대_무용_동작,24
2,발전_공헌,24
3,세계_무대_활동,24
3,공연_관람_관객,24
2,발레단_간판,24
3,공연_영상_사업,24
2,한정_미,24
2,가을_시즌,24
2,레퍼토리_자리매김,24
2,국립발레단_라인업,24
3,전통_춤_관련,24
2,드_컴퍼니,24
2,위원회_문화_체육_관광부,24
3,다양_장르_춤,24
2,기술_스태프,24
2,연구_윤리,24
2,발레_나비부인,24
2,무대_양옆,24
2,로맨틱_발레,24
2,월_오후,24
2,칼_군무,24
2,근원_질문,24
2,선정_시상,24
2,바로크_음악,24
2,자본주의_사회,24
2,부산문화회관_극장,24
2,지원금_유용,24
2,치열_고민,24
2,컴퍼니_입단,24
2,활동_증빙,24
2,대학_학년,24
2,공고_서울문화재단,24
2,기념_학술,24
2,토속_음악,24
2,대표_비보이,24
2,공연장_대관,24
2,중견_작가,24
2,인재_교육,24
3,안무_예술_감독,24
2,대중_호응,24
2,기관_관계자,24
2,특수_상황,24
2,신청_서류,24
2,사업_채용,24
2,한국문화예술위원회_홈페이지,24
2,감독_홍승엽,24
2,경비_지원,24
2,연구_모임,24
2,기억_흔적,24
2,간접_지원,24
2,무용_학도,24
2,산하_단체,24
2,댄스_씬,24
2,베스트_선정,24
2,국내_최대,24
3,현대_무용_관객,24
2,심사_최종,24
2,안산_문화,24
2,프로페셔널_무용수,24
2,여성_주의,24
2,갈등_구조,24
2,단계_성장,24
3,선정_한국_춤,24
2,창작_의욕,24
2,관점_제시,24
2,요소_작용,24
2,연극_대사,24
2,사업_운용,24
2,여자_친구,24
3,초청_공연_작품,24
3,무용_한국_창작,24
2,원초_세계,24
2,고민_지점,24
2,민족_정서,24
3,다양_전통_춤,24
2,극장_소극장,24
2,선_원,24
2,미래_세대,24
2,문학_분야,24
2,부분_보완,24
2,인물_성격,24
2,힘_균형,24
2,프로그램_디렉터,24
3,전통_춤_음악,24
2,움직임_매칭,24
2,과정_투명,24
2,시각_자극,24
2,소품_의상,24
2,공모_접수,24
2,객석_경계,24
2,김화숙_현대,24
2,주인공_사랑,24
2,프로그램_일환,24
2,서울_예술단,24
2,여인_모습,24
2,파리_국립,24
2,성과_기대,24
2,역_출연,24
2,연극_평론가,24
2,공연_재개,24
3,춤_축제_한국,24
2,옥_무용단,24
2,공공_영역,24
2,유럽_나라,24
2,포럼_주제,24
2,수_기록,24
2,송년_공연,24
2,독일_프랑스,24
2,성_역할,24
3,극장_무대_공연,24
2,석_관람,24
2,사회_책임,24
2,활동_중견,24
2,예정_국립_현대_무용단,24
2,출연_주요,24
2,춤_평론집,24
2,축제_관계자,24
2,상_감사,24
2,발레_전공자,24
2,접촉_움직임,24
2,관객_배려,24
2,문화_광장,24
2,코로나_길,24
2,남성_인,24
2,문화_복합,24
2,제한_공간,24
2,음악_반주,24
2,사례_중심,24
3,공연_전통_예술,24
2,서울_홀,24
2,유명_무용가,24
2,환자_무용,24
2,전통_보존,24
2,세종_극장,24
2,심사_방법,24
2,단체_설립,24
2,지속_교류,24
2,자신_고유,24
2,지역_무용인,24
2,일본_팀,24
2,무용수_등,24
2,인간_주체,24
2,안무_김보라,24
2,발전_노력,24
2,유럽_중심,24
2,존재_확인,24
2,창작_스튜디오,24
2,우리나라_전통,24
2,무용단_설립,24
2,작품_전반부,24
2,강사_활동,24
2,음악_영감,24
2,자신_위치,24
2,무용_실,24
2,공연_특화,24
2,말_대신,24
2,재단_지역,24
2,시각_연출,24
2,이미지_연출,24
5,문예_회관_방방곡곡_문화_공감,23
4,건강_보험_자격_확인서,23
4,조명_디자인_김철_희,23
3,김세련_한지원_염태선,23
4,문예_회관_방방곡곡_문화,23
4,회관_방방곡곡_문화_공감,23
4,세종_문화_티켓_인터파크,23
5,부산_시립_무용단_예술_감독,23
4,춤_판_야_무,23
3,파트리스_바_르,23
3,산업_재해_보상,23
4,경남_문화_예술_진흥원,23
5,문화_예술_교육_지원_사업,23
3,석사_학위_논문,23
3,광주_민중_항쟁,23
3,보험_자격_확인서,23
3,문예_회관_방방곡곡,23
3,제출_서류_반환,23
3,한국예술종합학교_무용원_창작과,23
4,서울_발레_시어터_창단,23
3,국립국악원_원장_직무,23
3,니_드_컴퍼니,23
5,서울_세계_무용_축제_예술,23
5,세계_무용_축제_예술_감독,23
3,디자인_김철_희,23
3,판_야_무,23
4,한국_발레_협회_회장,23
3,후원_서울특별시_서울문화재단,23
4,창작_활성_지원_사업,23
3,김_규_진,23
3,조명_디자인_김철,23
3,토_예술의전당_토월극장,23
3,예술인_건강_보험료,23
3,방법_이메일_접수,23
3,멜랑콜리_댄스_컴퍼니,23
4,선정_춤_비평가_상,23
3,회관_방방곡곡_문화,23
4,활동_지원_사업_선정,23
3,서울문화재단_이창기_대표,23
3,대한민국_예술원_법,23
3,사업_채용_공고,23
4,부산_시립_무용단_예술,23
3,블루_댄스_씨어터,23
3,본인_소개_부탁,23
3,동아_무용_콩쿠르,23
3,슈투트가르트_발레단_수석,23
4,비평가_협회_한국_춤,23
3,진흥_기금_지원,23
4,국제_공연_예술제_무용,23
3,러시아_마린스키_발레단,23
2,마사_그라함,23
3,향유_기회_제공,23
2,찰리_채플린,23
4,예술_교육_지원_사업,23
3,수_목_금,23
2,일등_공신,23
3,문화_체육_관광,23
3,서울_청년_예술단,23
3,뉴욕_시티_발레,23
2,오노_가즈오,23
3,메세나_지원_사업,23
3,소_아르코예술극장_극장,23
3,시민_심사_위원,23
3,세종_예술_전당,23
2,피로_골절,23
3,창작_역량_강화,23
2,마야_플리세츠카야,23
2,천안_삼거리,23
3,무용_학_박사,23
3,국제_발레_콩쿨,23
3,파리_오페라_극장,23
3,사회_거리_단계,23
3,관람_기회_제공,23
3,페스티벌_참가_신청,23
2,크메르_제국,23
2,안영_준,23
2,재해_보상,23
3,발레_시어터_창단,23
3,댄스_랩_서울,23
2,심장_박동,23
2,황_정남,23
4,세계_무용_축제_예술,23
3,해외_유명_발레단,23
2,손끝_발끝,23
3,지원_사업_일환,23
2,아르_망,23
2,투오넬라의_백조,23
2,정소_산,23
2,박일_규,23
2,파트리스_바,23
3,상주_단체_활동,23
2,화이트_큐브,23
3,시립_무용단_대구,23
2,스위스_로잔,23
3,주요_안무_작,23
2,다나카_민,23
3,춤_비평가_장 광열,23
3,한국_무용_교육원,23
2,더_로드,23
2,종반_부,23
3,무대_객석_경계,23
2,보험_가입자,23
2,신춘_포럼,23
3,서울_세계_무용_축제_예술_감독,23
3,예술_발전_기여,23
3,무대_장치_의상,23
2,장삼_자락,23
3,영남_춤_인,23
2,민주_항쟁,23
3,국제_교류_프로그램,23
2,등록증_법인,23
2,취약_계층,23
3,무용_스트릿_댄스,23
3,문화_재단_지역,23
3,LG아트센터_기획_공연,23
2,여름_방학,23
2,책임_땐쓰,23
2,최우_석,23
2,상금_수여,23
3,야외_즉흥_공연,23
2,등재_인원,23
2,수직_수평,23
2,자격_확인서,23
2,회관_방방곡곡,23
3,국립_무용단_레퍼토리,23
3,대_예술_감독,23
2,남_여,23
2,원장_직무,23
2,할인_혜택,23
3,한국_무용_연구회,23
2,아트_나인,23
2,창무_회의,23
2,김진걸_산조,23
2,최지연_무브먼트,23
2,프로필_사진,23
2,김_익,23
2,세종문화회관_강당,23
2,계약_성립,23
2,무성_영화,23
2,파리_불꽃,23
2,지하_층,23
2,온_더,23
3,전통_춤_보존회,23
2,대관_료,23
2,반사_판,23
2,온라인_상영회,23
2,기틀_마련,23
2,디자인_김철,23
2,소년_소녀,23
3,현대_무용_매력,23
2,교과_군,23
2,꽃_왈츠,23
2,몰입_방해,23
2,주니어_부문,23
2,발레리나_김주원,23
2,야_무,23
3,시립_발레단_예술,23
2,생성_소멸,23
2,중국_조선족,23
2,단장_김종덕,23
2,오케스트라_박스,23
2,쌍_남녀,23
3,서울_국제_발레,23
2,유니버설_아트센터,23
3,센터_예술_감독,23
2,외연_확장,23
2,과장_마루,23
2,영국_로열,23
2,전통공연예술진흥재단_이사장,23
2,경기_민요,23
3,선정_춤_비평가,23
2,크리스마스_시즌,23
2,규_진,23
2,광주_민중,23
2,사운드_디자이너,23
2,다종_다양,23
2,평화_기원,23
2,접수_처,23
2,인터내셔널_페스티벌,23
3,무용_음악_연극,23
2,티켓_수익,23
2,장애인_모방,23
2,마을_주민,23
2,온라인_오프라인,23
2,감독_공석,23
3,국립_무용단_안무가,23
3,일본_현대_무용,23
2,디딤_무용단,23
2,밀접_관련,23
2,문화_곳간,23
2,자유_갈망,23
2,춤웹진_편집,23
3,현대_해석_작품,23
3,안무_국립_무용단,23
3,대표_예술_단체,23
2,발상_전환,23
2,실질_도움,23
2,감사_표,23
2,본부_주최,23
2,남북_교류,23
2,서울_메세나,23
2,군_뮤지컬,23
2,공모_전통공연예술진흥재단,23
2,브레이크_댄스,23
3,국립_무용단_한국,23
2,정지_상태,23
3,현대_무용_대표,23
3,춤_축제_부산,23
2,예비_심사,23
2,박_기,23
3,현대_춤_작가,23
2,장단_굿거리,23
2,음악_선곡,23
2,샌프란시스코_발레단,23
2,응답_결과,23
2,남녀_2인무,23
2,인생_여정,23
2,제자_양성,23
2,식민지_시대,23
2,과_친구,23
2,상임_위원,23
2,우리나라_최초,23
2,양천_문화,23
2,서울_발레_시어터_창단,23
2,선택_교과,23
2,가야금_연주,23
2,신비_분위기,23
3,한국_춤_호흡,23
2,전체_관통,23
2,고전_소설,23
2,서울교방_인,23
2,살풀이_장단,23
2,화_목,23
2,창작_산실,23
3,한국_무용_장르,23
2,에피소드_기억,23
2,아카이브_전시,23
2,가_무,23
2,비평가_장 광열,23
2,필수_요소,23
2,극_긴장감,23
3,현대_무용_세계,23
2,반복_변주,23
2,본질_탐구,23
2,디지털_매체,23
2,토_LG아트센터,23
2,인간_고뇌,23
2,플랫폼_기능,23
2,다크서클즈_댄스,23
2,대중_취향,23
2,영화_전당,23
2,후원_활성,23
2,보조_사업,23
3,무용_공연_관람,23
2,인터뷰_기사,23
2,하이라이트_장면,23
2,역량_부족,23
2,센터_설립,23
2,문의_국립극장,23
2,제국_극장,23
2,즉흥_메소드,23
2,세련_감각,23
3,지역_전통_춤,23
3,무대_무용수_움직임,23
2,감각_인지,23
3,춤_축제_시작,23
2,직업_역량,23
2,재정_문제,23
2,국내외_아티스트,23
2,스스로_질문,23
2,무용가_차진엽,23
2,방송_작가,23
2,랩_서울,23
2,세기_러시아,23
2,무희_모습,23
2,신체_훈련,23
2,길_모색,23
2,구조_분석,23
2,미세_움직임,23
2,전달_메시지,23
2,현대인_삶,23
2,프로그램_댄싱,23
2,맥락_이해,23
2,비평_관점,23
2,서사_극,23
2,인도네시아_전통,23
2,신창호_안무,23
2,균형_감각,23
2,사업_효율,23
2,육성_프로젝트,23
2,대중_목표,23
2,의상_색,23
2,상황_묘사,23
2,댄스_비전,23
2,굿_운동,23
2,그동안_출연,23
2,인간_보편,23
2,무용단_결성,23
2,정형_움직임,23
2,사회_과학,23
2,제주_자연,23
2,선생_인연,23
2,발레단_소속,23
3,한국_전통_공연,23
2,적극_소통,23
2,양성_사업,23
2,대중_공감,23
2,기본_요소,23
2,규모_공연장,23
2,공모_일정,23
2,행위_반복,23
2,사회_곳곳,23
2,예악당_무대,23
2,접근_시도,23
2,현장_무용인,23
2,안무_중시,23
2,시각_접근,23
2,프로젝트_추진,23
2,자연_조화,23
2,서정_음악,23
2,시민_심사,23
2,무용_콩쿨,23
2,무용단_체제,23
2,길_선택,23
2,다양_유형,23
2,국민_삶,23
2,집단_개인,23
2,시리즈_기획,23
2,공연_말미,23
2,정신_신체,23
2,안무가_안애순,23
2,국제_대회,23
2,인_극,23
2,사회_기여,23
2,현실_경계,23
2,최승희_일본,23
2,부산_시립_무용단_예술,23
2,공모_신청,23
2,정보_교류,23
2,관람_환경,23
2,청년_교육,23
2,작곡가_음악,23
2,양질_작품,23
2,결국_인간,23
2,체험_교육,23
2,하우스_극장,23
2,레퍼토리_확장,23
2,무용수_김지영,23
2,레지던시_작업,23
2,활동_한국인,23
2,모습_상상,23
2,지원_원로,23
2,해외_아트,23
2,소속_무용단,23
2,공모_심사,23
2,행사_기간,23
2,양질_공연,23
2,해오름극장_무대,23
2,감각_확장,23
2,전문_예술인,23
2,창의_움직임,23
2,무용수_앙상블,23
2,아티스트_선정,23
2,불교_문화,23
2,변화_환경,23
2,선생_탄생,23
2,학교_운영,23
2,공동_운영,23
2,아시아_무용가,23
2,전문_분야,23
2,조명_활용,23
2,관계_소통,23
2,극장_스튜디오,23
2,발전_기회,23
2,문화_연구소,23
2,관중_공연,23
4,가_나_다_순,22
5,유니버설발레단_서울_발레_시어터_이원국,22
4,건강_보험_자격_변동,22
5,무용_역사_기록_학회_공동,22
5,세계_즉흥_전문_아티스트_참여,22
5,아티스트_참여_서울_국제_즉흥,22
4,일본_요코하마_댄스_컬렉션,22
5,한국_춤_비평가_협회_주최,22
4,무용_협회_이사장_조남규,22
4,역사_기록_학회_공동,22
5,서울_국제_공연_예술제_무용,22
4,슈투트가르트_발레단_수석_무용수,22
4,예술_감독_단장_김종덕,22
3,나_다_순,22
4,오후_아르코예술극장_극장_주최,22
3,사장_김성_규,22
3,가_나_다,22
3,실무_창의_인재,22
3,직무_수행_계획서,22
4,춤_유용_정보_서울문화재단,22
3,민주_운동_기념관,22
3,무형_문화유산_등재,22
4,사단_법인_한국_춤,22
4,그동안_출연_주요_작품,22
3,보험_자격_변동,22
3,이하_생략_조,22
4,광주_시립_발레단_예술,22
4,감독_대구_시립_무용단,22
3,인류_무형_문화유산,22
4,대한민국_발레_축제_참가,22
4,아티스트_참여_서울_국제,22
3,토_평일_주말,22
4,춤_비평가_협회_주최,22
3,협회_이사장_조남규,22
3,이상_이전_출생자,22
3,아트_프로젝트_보라,22
3,안무가_마리우스_프티파,22
4,무용단_창단_기념_공연,22
3,우봉_이매방_선생,22
3,서울문화재단_누리집_확인,22
3,예술의전당_오페라_하우스,22
3,리_케이_댄스,22
3,전문_인력_양성,22
4,시립_발레단_예술_감독,22
3,감독_단장_김종덕,22
3,모_움직임_연구소,22
3,삶_질_향상,22
3,유용_정보_서울문화재단,22
2,카르미나_부라나,22
3,예술_전당_자유소극장,22
3,기록_학회_공동,22
3,성남_문화_재단,22
3,마당_굿_운동,22
2,적색_경보,22
2,엘리자베스_기덕,22
2,울티마_베스,22
2,플래시_몹,22
2,크리스탈_파이트,22
3,다년간_지원_사업,22
3,LG아트센터_서울_홀,22
3,그동안_출연_주요,22
3,영국_로열_발레,22
2,히지카타_타츠미,22
4,예술_단체_지원_사업,22
2,장지영_국민일보,22
4,즉흥_춤_축제_국제,22
2,산전_휴가,22
2,마이클_잭슨,22
3,한국_민속_예술제,22
2,런_웨이,22
2,슬로_모션,22
3,예술의전당_토월극장_공연,22
3,예술_전당_오페라,22
2,동전_양면,22
3,청년_교육_단원,22
2,밥_딜런,22
3,국제_교류_활성,22
3,감독_대구_시립,22
3,심사_위원_구성,22
3,무대_장치_소품,22
2,일인_시위,22
3,신진_예술가_지원,22
2,더_마스터피스,22
2,외계_발레리노,22
2,직무_대행,22
2,로렌스_신부,22
3,예술_기술_융합,22
2,마스터_피스,22
3,베스트_작품_상,22
2,벨기에_리에주,22
3,국립발레단_주역_무용수,22
2,상수_하수,22
2,통영_오광대,22
2,몽펠리에_교육청,22
2,강약_조절,22
3,아티스트_참여_서울,22
2,창원_시립,22
2,숲_미녀,22
3,공동_안무_작,22
3,장애인_무용_협회,22
2,예테보리_오페라,22
2,지경민_이경구,22
3,예술_감독_안성수,22
3,춤_인생_기념,22
3,지역_문화_활성,22
2,컨벤션_홀,22
2,휴가_급여,22
2,광화문_광장,22
2,연풍_대,22
3,무용수_상_수상,22
3,무용가_단체_공모,22
3,국립극장_국립_무용단,22
2,나_다,22
2,판_마넨,22
3,공공_무용단_단원,22
3,발레_모던_댄스,22
2,토월극장_자유소극장,22
2,진출_유력,22
2,미니멀_뮤직,22
2,춤웹진_편집장,22
2,민관_협력,22
2,예산_삭감,22
2,사장_김성,22
2,다_순,22
2,귀추_주목,22
2,청춘_클럽,22
2,미세_지각,22
3,현대_무용단_단장,22
2,당면_과제,22
2,오월_바람,22
2,교방춤_계열,22
3,국립_무용단_국립발레단,22
2,실무_창의,22
2,최우수상_수상,22
2,명맥_유지,22
2,서울교방_김경란,22
2,일제_강점,22
2,하우스_건립,22
3,무용수_국제_교류,22
2,박병천_명인,22
2,가_나,22
2,운동_기념관,22
3,문화_예술_산업,22
2,용호_상,22
2,성_착취,22
3,춤_서울_경기,22
3,현대_무용_결합,22
2,타령_굿거리,22
2,체험_교실,22
2,슬픔_기쁨,22
2,모범_사례,22
2,목표_달성,22
3,공모_선정_작품,22
2,예산_투입,22
2,대학로 예술극장_소극장,22
2,삼국_시대,22
2,교방_청,22
2,조현_상,22
3,무용_국제_교류,22
2,프로젝트_보라,22
2,관람료_석,22
2,명_규,22
2,맞이_굿,22
2,광주_민주,22
2,저작물_작성,22
2,제외_나머지,22
2,명예_보유자,22
3,법인_한국_춤,22
2,볼거리_선사,22
2,에너지_충만,22
2,스코틀랜드_국립발레단,22
2,접수_이메일,22
2,문화유산_지정,22
2,겨울_숲,22
2,예산_집행,22
2,시니어_부문,22
3,공연_예술_관계자,22
2,자격증_워크숍,22
3,무용_제전_춤,22
2,고등학교_시절,22
3,공연_영상_제작,22
2,대관_공고,22
2,최종_선발,22
2,하늘_별,22
2,대중_인지도,22
2,댄싱_시즌,22
2,전당_오페라,22
2,지원금_의존,22
2,체코_국립발레단,22
2,봄_가을,22
2,학회_학술,22
3,한국_무용_기반,22
2,송년_기획,22
2,최대한_활용,22
2,여부_결정,22
2,평가_점수,22
2,형식_수립,22
2,원형_보존,22
2,차등_지원,22
2,땅_기운,22
2,학생_할인,22
2,대관_심의,22
3,나라_전통_춤,22
2,세종문화회관_세종,22
2,긴장감_유지,22
2,홍보물_제작,22
2,능력_발휘,22
2,샤이오_극장,22
2,교류_진흥원,22
2,연희_단,22
2,손_사위,22
2,뒤셀도르프_발레단,22
3,한국_무용_분야,22
2,전문가_양성,22
3,안무가_작품_소개,22
2,야외_마당,22
2,김_리,22
2,정보_처리,22
3,세계_무용_축제,22
2,문의_사항,22
3,자신_예술_세계,22
2,대한민국_발레_축제_참가,22
3,무용수_몸_움직임,22
3,작품_소개_안무,22
2,어둠_빛,22
2,국가_경쟁력,22
3,한국_무용_연구,22
2,업무_수행,22
2,국악_과,22
2,전문가_일반인,22
2,지식_정보,22
2,발레_대명사,22
3,한국_춤_기반,22
2,요구_사항,22
2,한_신명,22
2,사업_개요,22
2,설립_목적,22
2,꿈_실현,22
2,상황_대처,22
2,안무가_조세 몽탈보,22
2,계약_기간,22
2,문화_외교,22
2,장면_삽입,22
2,외국_유명,22
3,댄스_현대_무용,22
2,금_화,22
2,일상_회복,22
2,긍정_효과,22
2,의미_망,22
2,협력_체계,22
2,안정_직업,22
2,예술경영지원센터_대표,22
2,대구_출신,22
2,즉흥_파티,22
2,투사_영상,22
2,쇼케이스_참가,22
2,발레단_호두까기,22
3,자신_안무_작품,22
2,모두_공감,22
2,상체_동작,22
2,모_움직임,22
3,공연_예술_현장,22
2,발화_몸,22
3,무용_예술_교육,22
2,상호_소통,22
2,대상_수상자,22
2,구체_사례,22
2,안무가_마리우스,22
2,필자_관람,22
3,한국_춤_동작,22
3,무용수_현대_무용,22
2,김영희_선생,22
2,양국_문화,22
2,장식_예정,22
2,이론_연구,22
2,용어_등장,22
2,아름다움_표현,22
2,주도_역할,22
2,안무가_장은정,22
2,단체_결성,22
2,흐름_반영,22
2,부산_오페라,22
2,신체_능력,22
2,감독_안성수,22
2,대구_부산,22
2,기금_사업,22
2,어린이_대상,22
2,이미지_형상,22
2,반복_차이,22
2,방법_접수,22
2,음악_박자,22
2,전승_탈춤,22
2,장혜림_안무가,22
2,오페라_연극,22
2,댄스_파티,22
2,오후_국립극장,22
2,단원_오디션,22
2,학교_수업,22
2,규격_공연,22
2,복합_공간,22
2,일반인_즉흥,22
2,한국문화예술위원회_공연장,22
2,정기_공모,22
3,사업_공연_예술,22
2,창작_랩,22
2,미국_출신,22
2,제도_마련,22
2,신경_다양,22
2,편집_영상,22
2,인력_사업,22
2,움직임_메소드,22
2,전통_예인,22
2,세계_정상,22
2,추진_예정,22
2,공연_건수,22
2,감독_대구_시립_무용단,22
2,사례_발표,22
2,반복_행위,22
2,공동_인터뷰,22
2,작가_인터뷰,22
2,관계_구축,22
2,경계_자유,22
2,아래_공모,22
2,모습_묘사,22
2,공연_날짜,22
2,장편_작품,22
2,개인_역량,22
2,자신_재능,22
2,리허설_과정,22
2,위원_인,22
2,국립발레단_사,22
2,무용수_합류,22
2,안무가_안성수,22
2,시스템_운영,22
2,교육_체계,22
2,지역_경제,22
2,물_자연,22
2,대중_호흡,22
2,구체_내용,22
2,문화_전당,22
2,가족_관계,22
2,기대_인터뷰,22
2,발레단_유니버설발레단,22
2,사회_맥락,22
2,예전_무용단,22
2,표현_양식,22
2,방식_차이,22
2,서울문화재단_운영,22
2,해당_행사,22
2,운영_면,22
2,발레단_진출,22
2,신_페스티벌,22
2,본선_무대,22
2,행사_규모,22
2,관객_즐거움,22
2,해체_작업,22
2,안무가_피나 바우쉬,22
2,컴퍼니_운영,22
2,홍콩_무용단,22
2,노래_소리,22
2,인문_예술,22
2,무용제_서울,22
2,평론가_무용가,22
2,한국_음식,22
2,작품_선별,22
3,한국_무용_예술,22
2,촬영_감독,22
2,안무_담당,22
2,상황_설명,22
2,동작_연습,22
2,자신_기량,22
2,국립발레단_신작,22
2,인_교류,22
2,안무_경력,22
2,운영_방향,22
2,광주_시립_발레단_예술,22
2,철학_의미,22
2,초연_예정,22
2,안무가_독창,22
2,토대_창작,22
2,춤_진수,22
2,교류_기회,22
2,특정_단체,22
2,기념_사업,22
2,설치_작업,22
2,전환_과정,22
2,배우_활동,22
5,애로_사항_에피소드_기억_인상,21
4,세종문화회관_사장_김성_규,21
4,애로_사항_에피소드_기억,21
5,즉흥_전문_아티스트_참여_서울,21
5,전문_아티스트_참여_서울_국제,21
5,축제_세계_즉흥_전문_아티스트,21
4,서울문화재단_이창기_대표_이사,21
3,강미선_콘스탄틴_노보셀로프,21
5,광주_시립_발레단_예술_감독,21
4,사항_에피소드_기억_인상,21
4,직업_능력_개발_훈련,21
3,한스_판_마넨,21
5,한국_춤_비평가_상_수상,21
3,사업자_등록증_법인,21
4,예술_활동_증명_완료,21
3,효_정_한국문화재단,21
3,이화여자대학교_삼성_홀,21
4,규격_공연_형식_예술가,21
4,유니버설_발레단_수석_무용수,21
3,애로_사항_에피소드,21
3,초_중_고등학교,21
4,국제_문화_교류_진흥원,21
3,강릉_단오_굿,21
3,세종문화회관_사장_김성,21
3,서울_뉴딜_일자리,21
4,전문_아티스트_참여_서울,21
3,소월_아트_홀,21
3,용호_상_박,21
4,대한민국_전통_무용_제전,21
4,발레_축제_참가_작,21
4,작품_소개_안무_중시,21
3,모던_테이블_김재덕,21
4,대한민국_무용_대상_운영,21
4,축제_세계_즉흥_전문,21
3,서울특별시_서울문화재단_한국문화예술위원회,21
4,무용단_예술_감독_김성용,21
4,국립_현대_무용단_단장,21
3,서울_특별시_서울문화재단,21
3,활동_증명_완료,21
4,한국문화예술위원회_공연_예술_창작산실,21
3,사항_에피소드_기억,21
4,한국_장애인_무용_협회,21
3,문화재_지정_종목,21
3,무형_유산_지정,21
3,단원_기량_향상,21
4,즉흥_춤_축제_제주,21
3,무형_문화재_종목,21
3,능력_개발_훈련,21
3,창원_시립_무용단,21
3,서울문화재단_한국문화예술위원회_전문무용수지원센터,21
3,직업_역량_강화,21
3,에피소드_기억_인상,21
3,문화_융성_위원회,21
2,시디_라르비,21
3,유니버설_발레단_수석,21
3,발레_호두까기_인형,21
2,레프_이바노프,21
4,해외_안무가_초청_공연,21
3,탈춤_전승_사,21
3,예술_전당_토월극장,21
3,우봉_이매방_춤,21
3,운영_위원회_주관,21
2,한창호_도유,21
3,진출_기회_제공,21
2,미스터_블랭크,21
4,즉흥_춤_축제_서울,21
4,공연_예술_창작_활성,21
3,오후_강동아트센터_극장,21
3,문화_교류_진흥원,21
3,규격_공연_형식,21
3,한국_본부_주최,21
4,국립_현대_무용단_작품,21
3,예술_감독_공석,21
3,코믹_댄스_페스티벌,21
2,그라운드_제로,21
2,티_볼트,21
3,소개_안무_중시,21
3,대학로 예술극장_극장_주최,21
2,초_중등,21
2,강미선_콘스탄틴,21
2,안제_승,21
2,임_혜경,21
3,문화_재단_홈페이지,21
2,식민_통치,21
2,카페_뮐러,21
2,이화여자대학교_삼성,21
2,성인_상무,21
2,곳간_마루,21
2,초립_동,21
3,문화_예술_용역,21
3,국립_오페라_발레단,21
2,김광_숙,21
2,박동_우,21
2,판소리_춘향가,21
3,학교_예술_강사,21
3,중심_국제_교류,21
3,문학_시각_예술,21
2,이화_숙,21
2,관장_전사,21
3,무용단_상임_안무,21
3,한국_스트릿_댄스,21
3,안무가_상_수상,21
2,라_베,21
2,심_봉사,21
3,사업_참여_예술인,21
2,비_나리,21
2,가면극_연구회,21
2,정_한국문화재단,21
2,대체_복무,21
3,문화_역_서울,21
3,통합_예술_교육,21
2,관람료_전석,21
2,공표_저작물,21
2,김_미란,21
2,농어촌_희망,21
3,공연_금_토,21
3,한국_컨템퍼러리_댄스,21
2,활로_모색,21
2,증명_완료,21
3,전통_무용_제전,21
3,현대_무용_접목,21
2,소월_아트,21
3,댄스_프로젝트_대표,21
2,이종호_김채현,21
2,특별시_서울문화재단,21
2,위계_질서,21
2,플랫폼_엘,21
2,보조금_관리,21
2,보상_보험,21
3,전통_춤_수련,21
2,올림픽_개막식,21
2,김철_진,21
2,예산_증액,21
2,증빙_서류,21
3,지역_무용_활성,21
3,문화_예술_협동조합,21
2,철_공장,21
3,예술인_창작_활동,21
2,동시_다발,21
2,성폭력_고발,21
2,대구_경북,21
3,축제_세계_즉흥,21
3,이애주_선생_춤,21
3,서울문화재단_서울_예술,21
2,신문_잡지,21
2,살인_사건,21
2,황_군,21
2,터치_투어,21
2,국립국악원_누리집,21
2,안수영_컴퍼니,21
2,혜_경,21
2,자기_성찰,21
2,그리고로비치_버전,21
2,안녕_기원,21
2,신명_천지,21
3,무용_대상_운영,21
2,전당_토월극장,21
2,프랑스_샤이오,21
2,리듬_체조,21
2,부산_광역시,21
3,예술_감독_인터뷰,21
2,체육_과,21
2,그리스_비극,21
2,여성_국극,21
3,현대_무용단_단원,21
2,코로나_확진자,21
2,가무_단,21
3,한국_근대_무용,21
2,네이버_유튜브,21
2,소극_적극,21
2,성별_구분,21
3,공동_예술_감독,21
2,한쪽_다리,21
2,위원_위촉,21
2,리터러시_개념,21
2,강수진_슈투트가르트,21
3,고전_발레_작품,21
2,고도_테크닉,21
3,춤_축제_제주,21
2,정_록,21
3,공연_형식_예술가,21
2,코로나_시국,21
2,사항_에피소드,21
2,서울_뉴딜,21
3,작품_클래식_발레,21
3,한국_장애인_무용,21
2,바뇰레_국제,21
2,문의_처,21
3,공공_예술_단체,21
2,늘휘_무용단,21
2,정통_클래식,21
2,곡선_미,21
2,테크놀로지_결합,21
2,테이블_김재덕,21
2,국립극장_달오름극장,21
2,김선희_발레단,21
3,현대_무용_흐름,21
2,기금_조성,21
2,동양_사상,21
2,전화_문의,21
2,본선_경연,21
3,무용_연극_음악,21
2,비주얼_아트,21
3,무용_다양_장르,21
2,아카데미_아,21
2,보도_기사,21
2,복지_시설,21
2,소_대학로 예술극장,21
2,비주얼_아티스트,21
2,전임_교수,21
2,재미_선사,21
3,문제_예술_감독,21
2,당대_최고,21
2,겨울_봄,21
2,개인_레슨,21
2,자문_위원회,21
2,실기_수업,21
2,장애_유형,21
2,김_보,21
2,오픈_스튜디오,21
2,릴레이_즉흥,21
2,수준_향상,21
2,밀접_관계,21
2,삶_궤적,21
2,논저_선정,21
3,한국_국제_문화,21
2,아트_디렉터,21
2,아시아_아프리카,21
2,가입_형태,21
2,안내_전문무용수지원센터,21
2,채널_공개,21
2,예술인_지위,21
2,해체_조합,21
2,문화_사절단,21
2,주_재,21
2,시티_발레단,21
2,입단_그동안,21
2,향후_과제,21
2,문화_누리,21
2,기술_발달,21
2,무한_반복,21
2,황수_안무가,21
2,정체_혼란,21
2,우연_기회,21
2,미래_전망,21
2,핵심_과제,21
2,진주_탈춤,21
3,한국_발레_세계,21
2,세미나_개최,21
2,색_천,21
3,말_예술_감독,21
3,춤_축제_즉흥,21
2,선생_가르침,21
2,국립극장_인터파크,21
2,대한민국_무용_대상_운영,21
2,제자_스승,21
2,기술_접목,21
3,전통_춤_연구,21
2,객관_평가,21
2,시장_형성,21
2,개요_사업,21
2,강효형_안무,21
2,콘텐츠_산업,21
2,정병호_선생,21
2,한성주_탄생,21
2,비디오_퍼포먼스,21
3,중심_전통_춤,21
2,객원_교수,21
3,예술_감독_무용단,21
2,기초_자료,21
2,후속_지원,21
2,오브제_이용,21
2,작가_회,21
2,단적_말,21
2,개발_훈련,21
2,사업_담당자,21
2,역사_자랑,21
2,부정_굿,21
2,토크_프로그램,21
2,해_마무리,21
2,모습_투영,21
2,박병천_선생,21
2,소리_귀,21
2,시장_규모,21
2,해_달,21
2,부문_경연,21
2,문예위_지원,21
3,안무가_현대_무용,21
2,몸_부위,21
2,관점_접근,21
2,미학_사,21
2,교수_발제,21
2,손_대,21
2,월드_발레,21
2,시스템_이용,21
2,공식_참가,21
2,국립_현대_무용단_단장,21
2,시즌_국립극장,21
2,중요_키워드,21
2,활용_도,21
2,입_소리,21
2,발레단_마린스키,21
2,추모_기획,21
2,타인_관계,21
2,솔로_부문,21
2,분석_결과,21
2,무대_가장자리,21
2,선정_축하,21
2,남자_주인공,21
2,팔_손,21
2,융합_시도,21
2,제임스_선생,21
3,전통_춤_다양,21
2,전수_교육,21
2,안무가_이경은,21
2,심리_변화,21
2,구체_설명,21
2,순수_몸짓,21
2,가족_극,21
2,예술_용역,21
2,무용가_조택원,21
2,역할_부여,21
2,노력_성과,21
2,문_굿,21
2,지난해_코로나,21
2,정영두_안무가,21
2,영상_디자이너,21
2,장치_마련,21
3,무용_발레_한국,21
2,예정_문의,21
2,운영_진,21
2,사업_유형,21
2,이해_부족,21
2,선생_대표작,21
2,미술_연극,21
2,규모_군무,21
2,산업_시대,21
2,준비_단계,21
2,이름_아래,21
2,체험_기회,21
2,선생_추천,21
2,발레_지도자,21
2,주제_토론,21
2,경제_상황,21
2,거리_극,21
2,미술_분야,21
2,발레_호두까기,21
2,무용단_객원,21
2,최근_주목,21
2,관심_계기,21
2,안애순_무용단,21
2,퍼포먼스_전시,21
2,지속_성장,21
2,시민_일상,21
2,관객_공연자,21
2,의도_전달,21
2,중요_지점,21
2,우주_공간,21
2,댄스_부탁,21
2,미_감각,21
2,요소_포함,21
2,시행_사업,21
2,지원_기금,21
2,치유_과정,21
2,기록_자료,21
2,자료_가치,21
2,기획_후원,21
3,창작_춤_한국,21
2,댄서_에너지,21
2,연구_활성,21
2,즉흥_제주,21
2,국내외_예술가,21
2,레지던시_공간,21
2,위원_전문,21
2,문화_충돌,21
2,방향_고민,21
2,무용_재활,21
2,몸_접촉,21
2,제임스_안무,21
2,연습_현장,21
2,예술가_시리즈,21
2,세계_인도,21
2,의도_이해,21
2,움직임_창출,21
2,사회_기능,21
2,컴퍼니_단원,21
2,사랑_죽음,21
2,소통_방법,21
2,내용_전개,21
2,다양_색깔,21
2,규모_행사,21
2,분야_협업,21
2,선정_우수,21
2,실험_영화,21
2,아티스트_초청,21
3,춤_표현_작품,21
2,공모_결과,21
2,요소_활용,21
2,감각_기관,21
2,삶_의지,21
2,사_중요,21
2,강화_프로그램,21
2,콘텐츠_기획,21
2,의미_탐구,21
2,사업_예산,21
2,한국_캐나다,21
2,무용_미투,21
2,교류_지속,21
2,김재덕_안무,21
2,축제_공식,21
2,인생_이야기,21
2,서류_지원,21
2,행사_주최,21
2,신_존재,21
2,가치_조명,21
2,무용_입문,21
2,다양_오브제,21
2,남성_단원,21
2,가량_작품,21
2,자료_연구,21
2,무대_압도,21
2,댄스_스튜디오,21
2,공동_연출,21
2,예술_경지,21
2,기대_이유,21
2,낮_공연,21
2,복지_지원,21
2,프랑스_일본,21
2,향토_춤,21
2,관계_기관,21
2,세상_변화,21
2,세대_무용가,21
2,사회_시스템,21
2,움직임_모티브,21
2,움직임_제한,21
2,관객_초대,21
2,인간_정체,21
2,서사_구성,21
2,독립_단체,21
2,분야_예술인,21
2,공연_출연료,21
2,공연_직후,21
2,외국_단체,21
5,전문무용수지원센터_부상_예방_검진_지원,20
5,준비_애로_사항_에피소드_기억,20
5,예방_검진_지원_사업_안내,20
5,대한_무용_협회_이사장_조남규,20
5,회관_방방곡곡_문화_공감_사업,20
4,전문무용수지원센터_부상_예방_검진,20
4,국립국악원_원장_직무_대리,20
5,분야_한국문화예술위원회_국제_교류_부,20
5,규격_공연_형식_예술가_자유,20
4,준비_애로_사항_에피소드,20
5,예술_평론가_상_공모_공고,20
5,한국_국제_문화_교류_진흥원,20
5,공연_기획_문화_체육_관광부,20
5,광주_문화_예술_회관_극장,20
5,국립_무용단_예술_감독_손인영,20
5,공연_형식_예술가_자유_몸짓,20
4,문예_진흥_기금_지원,20
4,문화_체육_관광부_산하,20
4,검진_지원_사업_안내,20
4,한국_예술_영재_교육원,20
5,국제_즉흥_춤_축제_제주,20
5,창작_활동_지원_사업_선정,20
4,평론가_상_공모_공고,20
3,동무_동_락,20
3,황_군_위문,20
4,서울_무용제_경연_부문,20
5,춤_축제_세계_즉흥_전문,20
3,원장_직무_대리,20
4,공연_저널리즘_서울_포럼,20
3,사단_법인_한국현대무용진흥회,20
4,기획_문화_체육_관광부,20
4,형식_예술가_자유_몸짓,20
4,분야_한국문화예술위원회_국제_교류,20
4,준비금_지원_사업_창작,20
3,김_익_현,20
4,동덕여자대학교_공연_예술_센터,20
3,전문무용수지원센터_부상_예방,20
3,체육_관광부_산하,20
3,덴마크_왕립_발레단,20
4,전문_예술_법인_단체,20
3,준비_애로_사항,20
3,서울문화재단_김종휘_대표,20
4,예술_감독_강수진_국립발레단,20
4,프랑스_국립_안무_센터,20
3,벨기에_리에주_극장,20
3,예술_영재_교육원,20
3,예술인_복지_법안,20
4,한국_무용_기록_학회,20
3,김_명_규,20
3,강원_도립_무용단,20
3,유튜브_채널_공개,20
4,국립_현대_무용단_창단,20
4,서울_국제_무용_콩쿠르,20
3,목_토_평일,20
4,공연_형식_예술가_자유,20
4,서울_문화_재단_지원,20
3,진주_탈춤_마당,20
4,우수_작품_제작_지원,20
3,인터미션_포함_이상,20
3,대표_비보이_단,20
4,공연_기획_문화_체육,20
3,발레_협동_조합,20
4,댄스_컴퍼니_예술_감독,20
2,제이콥스_필로우,20
3,소외_계층_문화,20
4,한국_국제_문화_교류,20
3,구미_시립_무용단,20
3,발레_체험_교실,20
3,부산_오페라_하우스,20
3,활동_증빙_자료,20
4,지역_대표_예술_단체,20
4,서울_공연_예술_마켓,20
3,무용제_경연_부문,20
3,남정호_춤_산책,20
2,스위트_맘보,20
3,접수_기간_신청,20
3,무용_영화제_집행,20
3,공식_참가_작,20
4,선정_한국_춤_비평가,20
3,한국문화예술위원회_예술_자료원,20
2,샤론 에얄_가이 베하르,20
3,조선_시대_궁중,20
2,최순실_게이트,20
2,보리스_샤마츠,20
4,예술_창작_지원_사업,20
3,상_공모_공고,20
4,춤_축제_세계_즉흥,20
3,컴퍼니_입단_과정,20
2,레이_션,20
3,우수_상_수상,20
3,예술_저변_확대,20
2,밝넝쿨_인정주,20
3,심사_위원_인,20
2,황혜민_엄재용,20
3,해외_진출_기회,20
2,베니스_비엔날레,20
2,영가_무도,20
3,김상덕_예술_감독,20
3,감독_강수진_국립발레단,20
2,마포아트센터_플레이맥,20
2,로맨틱_튀튀,20
3,현대_무용가_차진엽,20
3,무용수_공개_오디션,20
3,무용_사_학회,20
3,인간_몸_매개,20
3,분야_한국문화예술위원회_국제,20
2,클럽_가이,20
3,예술가_자유_몸짓,20
2,명가_강선영,20
2,지구_온난,20
2,근_현대사,20
2,지침_준수,20
2,파킨슨병_환자,20
3,형식_예술가_자유,20
2,베토벤_교향곡,20
3,최승희_무용_연구소,20
3,한국_예술_영재,20
2,댕기_풀이,20
3,아트_페스티벌_서울,20
2,광대_대감,20
2,홍은예술창작센터_입주,20
3,기획_문화_체육,20
2,구_동숭아트센터,20
3,예술_활동_실적,20
3,공공_기관_지원,20
2,군_위문,20
2,동무_동,20
2,세종_대왕,20
2,스위스_취리히,20
3,시민_참여_프로그램,20
2,한영_숙,20
2,케이_부스,20
2,박병천_진도북춤,20
2,최영_규,20
2,미디어_파사드,20
2,갈증_해소,20
3,참가_무용가_단체,20
3,안무_작_발표,20
2,서울문화재단_김종휘,20
2,장정_윤,20
2,익_현,20
2,전승_교육사,20
2,빔_바,20
2,녹화_중계,20
2,행동_강령,20
2,법률_상담,20
3,전통_무용_연구회,20
3,전통_예술_연구회,20
3,예술_법인_단체,20
2,북한_이탈,20
3,예술_치유_프로그램,20
2,얼_반,20
3,전통_현대_조화,20
2,한반도_평화,20
2,법인_한국현대무용진흥회,20
2,만찬_진,20
3,전통_기반_창작,20
3,프랑스_국립_안무,20
3,공연_기획_후원,20
2,듀엣_트리오,20
2,버나_놀이,20
2,복지_법안,20
2,중국_경극,20
2,인쇄물_디자인,20
2,전현직_단원,20
3,소재_창작_발레,20
2,포럼_발제문,20
2,김경_민,20
3,춤_해외_진출,20
2,균일_석,20
3,종합_문화_예술,20
2,김종휘_대표,20
2,제주_토속,20
3,기업_문화_예술,20
2,문화_체육_관광부_산하,20
2,안호상_세종문화회관,20
2,부_포,20
2,기쁨_슬픔,20
2,김용걸_김지영,20
2,성폭력_피해,20
2,프랑스_국립_안무_센터,20
2,우승_팀,20
2,영감_원천,20
2,황_창,20
2,러시아_모스크바,20
2,실업_인정,20
2,준비_애로,20
2,심도_논의,20
3,아시아_현대_무용,20
2,인재_발굴,20
3,꽃_춤_축제,20
2,이창기_서울문화재단,20
3,한국_무용_학,20
2,프랑스_엽서,20
2,일본_제국주의,20
3,문화_예술_특성,20
2,대동_놀이,20
2,비약_발전,20
3,사건_발레_작품,20
2,불교_의례,20
3,현대_무용단_대표,20
2,오늘_내일,20
2,안전_관리,20
2,음양_조화,20
2,지원_매칭펀드,20
2,인천_종합,20
2,목적_부합,20
2,인류_보편,20
2,이사장_취임,20
2,자연_이치,20
2,주역_데뷔,20
3,건강_춤_문화,20
2,명상_수행,20
2,예술인_산재,20
2,전문무용수지원센터_부상,20
2,사각_틀,20
2,경영_전략,20
2,삶_영위,20
2,전석_문의,20
2,최고_권위,20
2,동양_서양,20
2,서바이벌_프로그램,20
3,예술_교육_사업,20
2,위크_서울,20
3,예술_단체_선정,20
2,김재덕_모던,20
2,중년_남성,20
2,발레_블랑,20
2,기억_소환,20
2,부정_경쟁,20
2,전제_조건,20
3,현대_무용_소개,20
2,삶_터전,20
2,자격_부여,20
2,거문고_연주,20
2,사자_놀이,20
3,기존_전통_춤,20
2,발레리나_강수진,20
2,미국_전역,20
3,예술_감독_국립,20
2,과정_수료,20
2,타악_연주,20
2,공정_이용,20
2,내부_외부,20
3,한국_춤_미학,20
3,동시대_공연_예술,20
2,범위_확대,20
2,미학_회,20
2,패턴_반복,20
2,휴식_포함,20
2,러_문화,20
3,예술_감독_축제,20
3,예술_감독_단체,20
2,수_증가,20
2,동일_유지,20
2,정서_교감,20
2,사_학회,20
2,뉴욕_현지,20
2,상_상금,20
2,조이스_극장,20
2,상_시상,20
2,중요_사안,20
2,황실_발레,20
2,공모_예술경영지원센터,20
2,피해_사실,20
2,순환_구조,20
2,교수_부임,20
2,아트_서커스,20
2,윤성주_국립,20
3,작품_창작_과정,20
2,선생_사사,20
2,수직_관계,20
2,상징_은유,20
2,보편_정서,20
3,사업_문화_예술,20
2,석사_과정,20
2,영리_단체,20
2,민속_예술단,20
2,독무_군무,20
2,스페인_출신,20
2,지원_시책,20
2,일본_유학,20
2,블랙박스_극장,20
2,정기_포럼,20
2,법_적용,20
3,공연_기획_문화,20
2,독일_현지,20
2,윤리_문제,20
2,전개_부,20
2,위원회_후원,20
2,고정_레퍼토리,20
3,세계_무대_한국,20
2,문예_진흥_기금_지원,20
2,흥미_지점,20
2,집단_신명,20
2,동아리_활동,20
2,기관_소속,20
3,현대_무용_전통,20
2,서류_자료,20
2,다양_국적,20
2,땅_발,20
2,실용_댄스,20
2,기대_우려,20
2,독특_스타일,20
2,이하_센터,20
2,심의_제도,20
3,자신_춤_세계,20
3,안무가_자신_작품,20
2,안무가_테로 사리넨,20
2,리서치_퍼포먼스,20
2,회전_동작,20
2,긍정_에너지,20
3,공연_예술_시각,20
2,몸_체화,20
2,중요_수단,20
2,발레_협동,20
2,세기_최고,20
2,날_밤,20
2,연출_대본,20
2,자연_과학,20
2,콩쿠르_심사,20
3,현대_무용_안무,20
2,역동_에너지,20
2,코로나_취소,20
2,운동_차원,20
2,국립_현대_무용단_창단,20
2,학원_운영,20
2,국제_네트워킹,20
3,지역_춤_문화,20
2,자유_토론,20
2,김상덕_예술,20
2,우수_사례,20
2,유럽_진출,20
2,국립_박물관,20
2,제외_대상,20
2,수련_과정,20
2,대학_탈,20
2,육완순_현대,20
2,수행_법,20
2,선정_회의,20
2,발레단_도약,20
2,사회_억압,20
2,주제_심포지엄,20
2,개관_페스티벌,20
2,전망_주제,20
2,깊이_이해,20
2,죽음_생명,20
2,안무가_입지,20
2,마음_치유,20
2,송범_선생,20
2,사포_말,20
2,활용_방안,20
2,적극_협력,20
2,신체_한계,20
2,인물_내면,20
2,대한민국_정부,20
2,협회_주관,20
2,전용_공간,20
2,방송_출연,20
2,임기_시작,20
2,재단_지원금,20
2,컴퍼니_일정,20
2,인물_사건,20
3,창작_춤_현대,20
2,선_면,20
2,레퍼토리_구축,20
2,지속_추진,20
2,인식_계기,20
2,회관_운영,20
2,이외_지역,20
2,공감_소통,20
2,안무가_김남진,20
2,기획_문화_체육_관광부,20
2,록_음악,20
2,드라마_영화,20
2,영상_음향,20
2,일련_작업,20
2,효과_전달,20
2,학교_출신,20
2,직접_표현,20
2,재단_주최,20
2,문화_자산,20
2,인간_회복,20
2,위원회_심사,20
3,공연_예술_국제,20
2,관련_전문가,20
2,취소_상황,20
2,캐릭터_등장,20
2,이해_공감,20
2,조택원_선생,20
2,공공_미술,20
2,안무가_김보람,20
2,부민관_공연,20
2,공동_협력,20
2,미국_영국,20
2,발레_명작,20
2,움직임_유기,20
2,집단_의식,20
2,소속_발레단,20
3,현대_춤_발레,20
2,국립극장_공동,20
2,그동안_국내,20
3,춤_공연_현장,20
2,비평가_글,20
2,춤_연구가,20
2,국가_정책,20
2,자유_이용,20
2,안무가_배출,20
2,단계_발전,20
2,예술인_생활,20
2,실제_현실,20
2,일상_행위,20
2,작품_말미,20
2,사유_방식,20
2,예정_지난해,20
2,비평가_비평,20
2,남자_군무,20
2,유럽_국가,20
2,기록_사진,20
2,심사_인터뷰,20
2,단체_국립무용단,20
2,미국_독일,20
2,사회_통합,20
2,역동_동작,20
2,사진_작가,20
2,무용_학부,20
2,자료_제공,20
2,월요일_공연,20
3,춤_한국_창작,20
2,강수진_감독,20
2,세계_보편,20
2,발레단_설립,20
2,프랑스_유럽,20
2,팀_참가,20
2,관람_신청,20
2,반복_일상,20
2,바닥_조명,20
2,소감_말,20
2,무용_애호가,20
2,현실_꿈,20
3,한국_무용_무대,20
2,안무_김성용,20
2,발레_재즈,20
2,서로_존재,20
2,지전_춤,20
2,쇼케이스_프로그램,20
2,움직임_관찰,20
2,선생_스승,20
2,발레단_버전,20
3,춤_공연_기획,20
2,최근_국내,20
2,문제_논의,20
2,토대_구성,20
2,제작_지원금,20
2,영상_감상,20
2,추가_지원,20
2,미니멀_무대,20
2,서양_현대,20
2,삶_반영,20
2,자신_욕망,20
2,물_소리,20
2,주제_설정,20
2,호흡_소리,20
2,중심_전승,20
2,역사_장소,20
2,예술가_역량,20
2,장애인_예술가,20
2,오디션_프로그램,20
2,차별_프로그램,20
2,경연_참여,20
2,예술가_대화,20
2,대부분_무용가,20
2,유니버설_발레,20
2,춤_보전,20
2,다양_아이디어,20
2,활동_우리나라,20
2,특유_움직임,20
2,오늘날_세계,20
2,날_행사,20
2,토_국립,20
2,반_댄스,20
2,관심_이유,20
2,세계_시장,20
2,내용_확인,20
3,문화_예술_공연,20
2,지역_커뮤니티,20
2,춤_갈래,20
2,아시아_대표,20
2,협회_상,20
2,기관_역할,20
2,시민_즉흥,20
2,인물_관계,20
2,즉흥_무,20
2,극_상황,20
N-gram(복합명사) 탐지 목록 (PMI 기준 유의미 5/4/3/2gram 전체),,
"5gram(min_count=8,pmi>=2.0) / 4gram(min_count=10,pmi>=2.5) / 3gram(min_count=15,pmi>=3.0) / 2gram(min_count=20,pmi>=3.0) 기준. output/delivery/ngram_candidates.xlsx와 동일한 후보 목록이며, 실제 반영 여부는 승인 파일(ngram_approved.csv) 기준.",,
,,
빈도 20 이상,,